Country Code,Country Name,Year,dataset_split,gdp_per_capita_group,target_gdp_growth_next_year,prediction,error,abs_error
AUT,Austria,1995,train,Higher GDP per capita,2.21576713087359,1.773644,0.44212316038408783,0.44212316038408783
BEL,Belgium,1995,train,Higher GDP per capita,1.32143214432601,2.2475724,-0.9261402777015779,0.9261402777015779
BGR,Bulgaria,1995,train,Lower GDP per capita,5.20547920578709,3.7364113,1.4690678727029836,1.4690678727029836
CYP,Cyprus,1995,train,Middle GDP per capita,1.24854147527125,2.3265266,-1.077985166574453,1.077985166574453
CZE,Czechia,1995,train,Middle GDP per capita,4.16858426915319,3.8560283,0.3125559507480382,0.3125559507480382
DEU,Germany,1995,train,Higher GDP per capita,1.0378755674358,1.209742,-0.1718663825992952,0.1718663825992952
DNK,Denmark,1995,train,Higher GDP per capita,2.89575069230459,2.4525275,0.44322316926381866,0.44322316926381866
ESP,Spain,1995,train,Middle GDP per capita,2.60741117110229,2.8507555,-0.24334428200745117,0.24334428200745117
EST,Estonia,1995,train,Lower GDP per capita,4.94301226131752,4.62007,0.32294228069618214,0.32294228069618214
FIN,Finland,1995,train,Higher GDP per capita,3.66265716987186,3.666634,-0.00397691292232949,0.00397691292232949
FRA,France,1995,train,Middle GDP per capita,1.39707987198881,2.1003158,-0.7032359372610679,0.7032359372610679
GRC,Greece,1995,train,Middle GDP per capita,1.38247057325857,2.1180303,-0.735559736418554,0.735559736418554
HRV,Croatia,1995,train,Lower GDP per capita,6.11143125777198,4.988064,1.1233674455161209,1.1233674455161209
HUN,Hungary,1995,train,Lower GDP per capita,0.101234227633242,1.5099066,-1.4086724219562965,1.4086724219562965
IRL,Ireland,1995,train,Higher GDP per capita,7.37962465765875,6.1266413,1.2529833841602152,1.2529833841602152
ITA,Italy,1995,train,Middle GDP per capita,1.34558477192847,2.144508,-0.7989231130507781,0.7989231130507781
LTU,Lithuania,1995,train,Lower GDP per capita,5.02694376847307,4.7706866,0.25625714203874406,0.25625714203874406
LUX,Luxembourg,1995,train,Higher GDP per capita,1.39807630241253,2.7048218,-1.3067455226149358,1.3067455226149358
LVA,Latvia,1995,train,Lower GDP per capita,2.29996103802466,2.3924618,-0.09250073870873843,0.09250073870873843
MLT,Malta,1995,train,Middle GDP per capita,3.77733599690488,4.2315683,-0.45423233958193654,0.45423233958193654
NLD,Netherlands,1995,train,Higher GDP per capita,3.42063535269868,2.5276082,0.8930271964944563,0.8930271964944563
POL,Poland,1995,train,Lower GDP per capita,6.09387747385628,5.7702546,0.3236228618872863,0.3236228618872863
PRT,Portugal,1995,train,Middle GDP per capita,3.50424653058748,3.4528172,0.05142932897310004,0.05142932897310004
ROU,Romania,1995,train,Lower GDP per capita,3.90770208816159,3.5824082,0.32529389838803047,0.32529389838803047
SVK,Slovak Republic,1995,train,Lower GDP per capita,6.11957878556568,5.0361543,1.0834245153935607,1.0834245153935607
SVN,Slovenia,1995,train,Middle GDP per capita,2.91361775262531,3.424653,-0.5110353006583814,0.5110353006583814
SWE,Sweden,1995,train,Higher GDP per capita,1.70471985374236,2.8195615,-1.11484162773347,1.11484162773347
AUT,Austria,1996,train,Higher GDP per capita,2.1458350552646,1.9305891,0.21524597540772739,0.21524597540772739
BEL,Belgium,1996,train,Higher GDP per capita,3.79367165541437,1.795668,1.9980036494710718,1.9980036494710718
BGR,Bulgaria,1996,train,Lower GDP per capita,-14.1153771596692,-9.972518,-4.142859192445078,4.142859192445078
CYP,Cyprus,1996,train,Middle GDP per capita,2.64093066351474,2.3074427,0.3334879984146424,0.3334879984146424
CZE,Czechia,1996,train,Middle GDP per capita,-0.595838414214853,0.5383374,-1.1341758237111603,1.1341758237111603
DEU,Germany,1996,train,Higher GDP per capita,1.85432238398302,1.3864135,0.4679089289735596,0.4679089289735596
DNK,Denmark,1996,train,Higher GDP per capita,3.16848143784479,2.5734773,0.5950041696257959,0.5950041696257959
ESP,Spain,1996,train,Middle GDP per capita,3.58729972356299,3.0726008,0.5146988820407734,0.5146988820407734
EST,Estonia,1996,train,Lower GDP per capita,13.0500207047869,8.40769,4.642330656569127,4.642330656569127
FIN,Finland,1996,train,Higher GDP per capita,6.39770068404337,4.1128373,2.284863369437657,2.284863369437657
FRA,France,1996,train,Middle GDP per capita,2.5270616339357,1.4968265,1.0302351044328315,1.0302351044328315
GRC,Greece,1996,train,Middle GDP per capita,3.60288326516122,2.275514,1.3273693777558244,1.3273693777558244
HRV,Croatia,1996,train,Lower GDP per capita,6.16532327216601,5.345212,0.8201112894389588,0.8201112894389588
HUN,Hungary,1996,train,Lower GDP per capita,2.97787906543104,2.1283286,0.849550503648203,0.849550503648203
IRL,Ireland,1996,train,Higher GDP per capita,11.0217650823433,8.247213,2.7745517186958395,2.7745517186958395
ITA,Italy,1996,train,Middle GDP per capita,1.92572122608527,1.4910493,0.43467193638190094,0.43467193638190094
LTU,Lithuania,1996,train,Lower GDP per capita,8.30063037348748,6.1526446,2.147985739240653,2.147985739240653
LUX,Luxembourg,1996,train,Higher GDP per capita,5.41972646151088,4.2010455,1.2186809483578038,1.2186809483578038
LVA,Latvia,1996,train,Lower GDP per capita,9.17147634072084,6.7229986,2.4484777216412503,2.4484777216412503
MLT,Malta,1996,train,Middle GDP per capita,5.25698063086301,4.0209494,1.2360312671545142,1.2360312671545142
NLD,Netherlands,1996,train,Higher GDP per capita,4.24847396941847,2.652761,1.595712986905042,1.595712986905042
POL,Poland,1996,train,Lower GDP per capita,6.35890635030509,5.525204,0.8337021686339474,0.8337021686339474
PRT,Portugal,1996,train,Middle GDP per capita,4.40086766458026,3.2903693,1.1104983923482044,1.1104983923482044
ROU,Romania,1996,train,Lower GDP per capita,-4.8490627379703,-1.6485071,-3.2005556197452023,3.2005556197452023
SVK,Slovak Republic,1996,train,Lower GDP per capita,5.48584018546269,5.011052,0.4747880538098581,0.4747880538098581
SVN,Slovenia,1996,train,Middle GDP per capita,5.17133827310541,3.612996,1.5583421717260153,1.5583421717260153
SWE,Sweden,1996,train,Higher GDP per capita,3.06499186399252,2.2027628,0.8622290218141755,0.8622290218141755
AUT,Austria,1997,train,Higher GDP per capita,3.49288002962309,1.950738,1.542142076437055,1.542142076437055
BEL,Belgium,1997,train,Higher GDP per capita,1.96183240455609,2.4428618,-0.48102939086932506,0.48102939086932506
BGR,Bulgaria,1997,train,Lower GDP per capita,3.7891144939896,2.8791745,0.9099400230881107,0.9099400230881107
CYP,Cyprus,1997,train,Middle GDP per capita,6.11088294947106,4.246563,1.8643199917073883,1.8643199917073883
CZE,Czechia,1997,train,Middle GDP per capita,-0.393150193750415,-0.45633435,0.06318415874287114,0.06318415874287114
DEU,Germany,1997,train,Higher GDP per capita,2.09561231172233,1.4736441,0.6219681743398229,0.6219681743398229
DNK,Denmark,1997,train,Higher GDP per capita,2.32630274538961,2.4322085,-0.1059057926658098,0.1059057926658098
ESP,Spain,1997,train,Middle GDP per capita,4.30197745333581,3.4073489,0.8946285821047306,0.8946285821047306
EST,Estonia,1997,train,Lower GDP per capita,4.33982761193587,5.3155293,-0.9757017345301948,0.9757017345301948
FIN,Finland,1997,train,Higher GDP per capita,5.45427021765444,5.1003704,0.35389981054994823,0.35389981054994823
FRA,France,1997,train,Middle GDP per capita,3.45259434279616,2.3009777,1.1516166358869802,1.1516166358869802
GRC,Greece,1997,train,Middle GDP per capita,3.43693579661333,2.839639,0.5972968481727783,0.5972968481727783
HRV,Croatia,1997,train,Lower GDP per capita,2.25345287133511,3.4009066,-1.1474536914700657,1.1474536914700657
HUN,Hungary,1997,train,Lower GDP per capita,3.84810814449837,3.6377463,0.21036181042244229,0.21036181042244229
IRL,Ireland,1997,train,Higher GDP per capita,8.7661226571214,8.395633,0.37048991328595093,0.37048991328595093
ITA,Italy,1997,train,Middle GDP per capita,1.8043732818638,1.7544625,0.04991080131875614,0.04991080131875614
LTU,Lithuania,1997,train,Lower GDP per capita,7.46293714937232,6.638878,0.8240592807199763,0.8240592807199763
LUX,Luxembourg,1997,train,Higher GDP per capita,6.67419503775402,5.494258,1.1799371108131016,1.1799371108131016
LVA,Latvia,1997,train,Lower GDP per capita,6.55000264756266,6.2218103,0.32819230668131194,0.32819230668131194
MLT,Malta,1997,train,Middle GDP per capita,5.12560250721334,4.329801,0.7958014246022564,0.7958014246022564
NLD,Netherlands,1997,train,Higher GDP per capita,4.64770326997895,3.405163,1.2425402202810742,1.2425402202810742
POL,Poland,1997,train,Lower GDP per capita,4.62161133761769,5.1312056,-0.5095942211591655,0.5095942211591655
PRT,Portugal,1997,train,Middle GDP per capita,4.80796318953165,3.7087278,1.0992353529227632,1.0992353529227632
ROU,Romania,1997,train,Lower GDP per capita,-2.02981290571721,-0.6736399,-1.3561730121854105,1.3561730121854105
SVK,Slovak Republic,1997,train,Lower GDP per capita,3.82610773560614,3.7678688,0.05823897835821512,0.05823897835821512
SVN,Slovenia,1997,train,Middle GDP per capita,3.06382595802013,3.8577118,-0.7938858339720576,0.7938858339720576
SWE,Sweden,1997,train,Higher GDP per capita,4.24583179417877,2.823668,1.4221637910964944,1.4221637910964944
AUT,Austria,1998,train,Higher GDP per capita,3.76192435190464,2.3977504,1.3641739742496108,1.3641739742496108
BEL,Belgium,1998,train,Higher GDP per capita,3.54271798823922,1.9216993,1.6210187027320178,1.6210187027320178
BGR,Bulgaria,1998,train,Lower GDP per capita,-8.39608774026568,-4.1606026,-4.235485170685601,4.235485170685601
CYP,Cyprus,1998,train,Middle GDP per capita,4.99795469482918,4.654203,0.343751756749346,0.343751756749346
CZE,Czechia,1998,train,Middle GDP per capita,1.37836060943835,1.0492412,0.3291194242500566,0.3291194242500566
DEU,Germany,1998,train,Higher GDP per capita,2.12957016297766,1.8399131,0.28965703317114144,0.28965703317114144
DNK,Denmark,1998,train,Higher GDP per capita,2.96730536257029,1.988874,0.9784314039826434,0.9784314039826434
ESP,Spain,1998,train,Middle GDP per capita,4.40886545305924,3.9389055,0.46995997553543667,0.46995997553543667
EST,Estonia,1998,train,Lower GDP per capita,-0.425025372086623,0.5571906,-0.9822159691439656,0.9822159691439656
FIN,Finland,1998,train,Higher GDP per capita,4.38928070374669,4.49425,-0.10496911696253886,0.10496911696253886
FRA,France,1998,train,Middle GDP per capita,3.39930808809441,2.5544903,0.844817760259327,0.844817760259327
GRC,Greece,1998,train,Middle GDP per capita,2.65878562321184,3.0548797,-0.396094042162916,0.396094042162916
HRV,Croatia,1998,train,Lower GDP per capita,-0.850447604002099,0.9333501,-1.7837976902142572,1.7837976902142572
HUN,Hungary,1998,train,Lower GDP per capita,3.08605811588221,3.1869824,-0.10092427738256049,0.10092427738256049
IRL,Ireland,1998,train,Higher GDP per capita,10.5298856427062,8.79608,1.7338060070860823,1.7338060070860823
ITA,Italy,1998,train,Middle GDP per capita,1.67799157943422,1.8021022,-0.12411062870329226,0.12411062870329226
LTU,Lithuania,1998,train,Lower GDP per capita,-1.09700818020993,2.4435859,-3.540594052860077,3.540594052860077
LUX,Luxembourg,1998,train,Higher GDP per capita,8.17613777063244,6.6672764,1.5088613881861512,1.5088613881861512
LVA,Latvia,1998,train,Lower GDP per capita,2.81840455944993,4.4719114,-1.6535068709089566,1.6535068709089566
MLT,Malta,1998,train,Middle GDP per capita,4.71997491081015,4.562158,0.15781680305258128,0.15781680305258128
NLD,Netherlands,1998,train,Higher GDP per capita,5.04334216651563,3.273422,1.7699201637232713,1.7699201637232713
POL,Poland,1998,train,Lower GDP per capita,4.69918479192557,4.239043,0.46014155614676167,0.46014155614676167
PRT,Portugal,1998,train,Middle GDP per capita,3.90657779623113,3.9246867,-0.018108874072214842,0.018108874072214842
ROU,Romania,1998,train,Lower GDP per capita,-0.376660705758994,0.26252723,-0.6391879331607274,0.6391879331607274
SVK,Slovak Republic,1998,train,Lower GDP per capita,-0.473261209621114,1.2401072,-1.7133683883091633,1.7133683883091633
SVN,Slovenia,1998,train,Middle GDP per capita,5.26800700427259,3.509605,1.7584020733949046,1.7584020733949046
SWE,Sweden,1998,train,Higher GDP per capita,4.20111929805536,3.5389655,0.6621538344170546,0.6621538344170546
AUT,Austria,1999,train,Higher GDP per capita,3.18952292988787,2.7924907,0.39703220913896864,0.39703220913896864
BEL,Belgium,1999,train,Higher GDP per capita,3.71670510672588,2.6028953,1.113809846868702,1.113809846868702
BGR,Bulgaria,1999,train,Lower GDP per capita,4.58722553234129,2.8631754,1.7240501401904114,1.7240501401904114
CYP,Cyprus,1999,train,Middle GDP per capita,5.96530445494226,4.804138,1.1611662713485096,1.1611662713485096
CZE,Czechia,1999,train,Middle GDP per capita,4.010669619984,2.6140428,1.3966268610423498,1.3966268610423498
DEU,Germany,1999,train,Higher GDP per capita,2.8765231247659,2.3577805,0.5187426682229312,0.5187426682229312
DNK,Denmark,1999,train,Higher GDP per capita,3.72400899471576,2.1541688,1.5698401504927375,1.5698401504927375
ESP,Spain,1999,train,Middle GDP per capita,5.20064125553942,4.2450824,0.9555588771519687,0.9555588771519687
EST,Estonia,1999,train,Lower GDP per capita,10.0876385800462,6.8614373,3.226201259336971,3.226201259336971
FIN,Finland,1999,train,Higher GDP per capita,5.75373770498848,4.0539126,1.6998250653705602,1.6998250653705602
FRA,France,1999,train,Middle GDP per capita,4.14099996402915,3.3009658,0.8400341780489251,0.8400341780489251
GRC,Greece,1999,train,Middle GDP per capita,4.13782699405849,3.257097,0.880729988214374,0.880729988214374
HRV,Croatia,1999,train,Lower GDP per capita,2.94765913375998,1.8817649,1.065894244996552,1.065894244996552
HUN,Hungary,1999,train,Lower GDP per capita,4.40937501806403,3.5068836,0.9024913968482098,0.9024913968482098
IRL,Ireland,1999,train,Higher GDP per capita,9.40352476399653,7.845479,1.5580457524608846,1.5580457524608846
ITA,Italy,1999,train,Middle GDP per capita,3.88209885062652,1.8135242,2.0685746044106996,2.0685746044106996
LTU,Lithuania,1999,train,Lower GDP per capita,3.41862206571636,3.2895744,0.1290476810270289,0.1290476810270289
LUX,Luxembourg,1999,train,Higher GDP per capita,6.93809504692074,6.2218676,0.7162274855804078,0.7162274855804078
LVA,Latvia,1999,train,Lower GDP per capita,5.84102642353959,5.0469084,0.7941180449385161,0.7941180449385161
MLT,Malta,1999,train,Middle GDP per capita,19.6812693530689,10.988213,8.69305676761968,8.69305676761968
NLD,Netherlands,1999,train,Higher GDP per capita,4.21970034558892,3.8158038,0.40389657933830936,0.40389657933830936
POL,Poland,1999,train,Lower GDP per capita,4.65633252988236,4.635085,0.021247423986364034,0.021247423986364034
PRT,Portugal,1999,train,Middle GDP per capita,3.81617714108242,2.6764302,1.1397469157101057,1.1397469157101057
ROU,Romania,1999,train,Lower GDP per capita,2.4612634592269,2.0111814,0.45008210470419474,0.45008210470419474
SVK,Slovak Republic,1999,train,Lower GDP per capita,0.78922447792516,1.1777322,-0.38850775130762805,0.38850775130762805
SVN,Slovenia,1999,train,Middle GDP per capita,3.49791942086068,3.3585443,0.13937507119026993,0.13937507119026993
SWE,Sweden,1999,train,Higher GDP per capita,4.63112136551369,3.7347572,0.89636418053139,0.89636418053139
AUT,Austria,2000,train,Higher GDP per capita,1.31698749571339,1.9989144,-0.681926865286671,0.681926865286671
BEL,Belgium,2000,train,Higher GDP per capita,1.09960362419645,2.0229008,-0.9232971955819924,0.9232971955819924
BGR,Bulgaria,2000,train,Lower GDP per capita,3.82370222571771,3.2390294,0.5846728182164891,0.5846728182164891
CYP,Cyprus,2000,train,Middle GDP per capita,3.95256258200938,4.3270555,-0.37449287224477024,0.37449287224477024
CZE,Czechia,2000,train,Middle GDP per capita,2.9172195289956,2.9143326,0.002886900745477927,0.002886900745477927
DEU,Germany,2000,train,Higher GDP per capita,1.63614170690956,2.2921164,-0.6559746966701518,0.6559746966701518
DNK,Denmark,2000,train,Higher GDP per capita,0.95003224600012,1.3701406,-0.4201083065206319,0.4201083065206319
ESP,Spain,2000,train,Middle GDP per capita,3.91908880808811,4.212486,-0.29339698216457544,0.29339698216457544
EST,Estonia,2000,train,Lower GDP per capita,5.88074589534277,6.3826804,-0.5019345207644079,0.5019345207644079
FIN,Finland,2000,train,Higher GDP per capita,2.64026205699308,4.751825,-2.1115627988113634,2.1115627988113634
FRA,France,2000,train,Middle GDP per capita,1.89946701186636,3.1977289,-1.2982618604328344,1.2982618604328344
GRC,Greece,2000,train,Middle GDP per capita,4.65041459442163,3.6558414,0.9945732438662098,0.9945732438662098
HRV,Croatia,2000,train,Lower GDP per capita,3.11089328552634,4.186707,-1.0758137342795684,1.0758137342795684
HUN,Hungary,2000,train,Lower GDP per capita,4.06202617226026,3.6946387,0.36738744316480076,0.36738744316480076
IRL,Ireland,2000,train,Higher GDP per capita,5.30582133514299,5.193488,0.11233321411027486,0.11233321411027486
ITA,Italy,2000,train,Middle GDP per capita,2.00643329837733,2.4845977,-0.478164384575551,0.478164384575551
LTU,Lithuania,2000,train,Lower GDP per capita,6.48412665187908,5.0254574,1.458669269676932,1.458669269676932
LUX,Luxembourg,2000,train,Higher GDP per capita,3.07427520210337,3.8029583,-0.7286830479424062,0.7286830479424062
LVA,Latvia,2000,train,Lower GDP per capita,6.46057826727287,5.51018,0.9503982707823919,0.9503982707823919
MLT,Malta,2000,train,Middle GDP per capita,-0.757203651807174,1.734247,-2.4914506210301965,2.4914506210301965
NLD,Netherlands,2000,train,Higher GDP per capita,2.32358454925847,2.5513577,-0.22777319686579744,0.22777319686579744
POL,Poland,2000,train,Lower GDP per capita,1.23374464400356,3.8105228,-2.5767781507199508,2.5767781507199508
PRT,Portugal,2000,train,Middle GDP per capita,1.94367213427915,1.7545719,0.18910021960629853,0.18910021960629853
ROU,Romania,2000,train,Lower GDP per capita,5.21813625673708,4.8463407,0.37179560045656235,0.37179560045656235
SVK,Slovak Republic,2000,train,Lower GDP per capita,2.92516077248489,2.339394,0.5857666799250754,0.5857666799250754
SVN,Slovenia,2000,train,Middle GDP per capita,2.82868479430465,3.0266328,-0.1979479914924691,0.1979479914924691
SWE,Sweden,2000,train,Higher GDP per capita,1.36080642694121,3.189105,-1.8282986069333018,1.8282986069333018
AUT,Austria,2001,train,Higher GDP per capita,1.48436877605324,0.5101187,0.9742500531375906,0.9742500531375906
BEL,Belgium,2001,train,Higher GDP per capita,1.70689430349601,0.9394479,0.7674464237047502,0.7674464237047502
BGR,Bulgaria,2001,train,Lower GDP per capita,5.87193134676191,5.1488414,0.7230899656889118,0.7230899656889118
CYP,Cyprus,2001,train,Middle GDP per capita,3.72297491128981,3.3152854,0.4076894670301665,0.4076894670301665
CZE,Czechia,2001,train,Middle GDP per capita,1.51345949139996,2.367954,-0.8544945243318516,0.8544945243318516
DEU,Germany,2001,train,Higher GDP per capita,-0.228255715793637,1.2351555,-1.4634111790123259,1.4634111790123259
DNK,Denmark,2001,train,Higher GDP per capita,0.456530018779986,0.07762519,0.37890482607816944,0.37890482607816944
ESP,Spain,2001,train,Middle GDP per capita,2.75545611564098,3.1405103,-0.3850542050224721,0.3850542050224721
EST,Estonia,2001,train,Lower GDP per capita,6.93300082616575,6.0936584,0.8393423789001249,0.8393423789001249
FIN,Finland,2001,train,Higher GDP per capita,1.68732644358099,2.2078547,-0.5205283041912268,0.5205283041912268
FRA,France,2001,train,Middle GDP per capita,1.06775027069419,1.4469438,-0.37919348922402296,0.37919348922402296
GRC,Greece,2001,train,Middle GDP per capita,4.68313727063017,4.060601,0.622536036194135,0.622536036194135
HRV,Croatia,2001,train,Lower GDP per capita,5.80141595577015,4.731217,1.070199048268929,1.070199048268929
HUN,Hungary,2001,train,Lower GDP per capita,4.73006530805553,3.6852074,1.0448579411121708,1.0448579411121708
IRL,Ireland,2001,train,Higher GDP per capita,5.89936506079005,4.755633,1.1437321834401963,1.1437321834401963
ITA,Italy,2001,train,Middle GDP per capita,0.26992966378873,0.833447,-0.563517315733975,0.563517315733975
LTU,Lithuania,2001,train,Lower GDP per capita,6.71983945103626,6.414692,0.3051475259874321,0.3051475259874321
LUX,Luxembourg,2001,train,Higher GDP per capita,3.22528846998354,3.1471102,0.07817824621339842,0.07817824621339842
LVA,Latvia,2001,train,Lower GDP per capita,7.66548778586991,7.191176,0.4743118482173223,0.4743118482173223
MLT,Malta,2001,train,Middle GDP per capita,2.74113503379645,2.0490346,0.692100438306948,0.692100438306948
NLD,Netherlands,2001,train,Higher GDP per capita,0.24582951723049,0.44345528,-0.1976257616429536,0.1976257616429536
POL,Poland,2001,train,Lower GDP per capita,1.90119437968586,2.0627172,-0.1615228196397016,0.1615228196397016
PRT,Portugal,2001,train,Middle GDP per capita,0.770924781247714,0.5560984,0.21482637970123575,0.21482637970123575
ROU,Romania,2001,train,Lower GDP per capita,5.70299165043771,4.8221064,0.8808852890485497,0.8808852890485497
SVK,Slovak Republic,2001,train,Lower GDP per capita,4.41725348271514,4.677408,-0.26015473566864866,0.26015473566864866
SVN,Slovenia,2001,train,Middle GDP per capita,3.28258371393918,2.24319,1.039393663814058,1.039393663814058
SWE,Sweden,2001,train,Higher GDP per capita,2.27772867861897,0.97120166,1.3065270203700687,1.3065270203700687
AUT,Austria,2002,train,Higher GDP per capita,1.14156504542775,1.4000292,-0.2584641370063321,0.2584641370063321
BEL,Belgium,2002,train,Higher GDP per capita,1.03795518162204,1.8935522,-0.8555970024828794,0.8555970024828794
BGR,Bulgaria,2002,train,Lower GDP per capita,5.23715282493174,5.3202004,-0.08304761833608243,0.08304761833608243
CYP,Cyprus,2002,train,Middle GDP per capita,2.62329962315329,1.9769754,0.6463241821742862,0.6463241821742862
CZE,Czechia,2002,train,Middle GDP per capita,3.300836832613,2.5152133,0.7856235814991086,0.7856235814991086
DEU,Germany,2002,train,Higher GDP per capita,-0.529801394291297,0.44957396,-0.979375358171836,0.979375358171836
DNK,Denmark,2002,train,Higher GDP per capita,0.441091006625101,0.05242192,0.3886690866235942,0.3886690866235942
ESP,Spain,2002,train,Middle GDP per capita,2.9392895953076,3.351491,-0.4122013791186694,0.4122013791186694
EST,Estonia,2002,train,Lower GDP per capita,7.59630181032645,7.3721147,0.22418715197073702,0.22418715197073702
FIN,Finland,2002,train,Higher GDP per capita,2.01179992738312,1.9911228,0.020677085548097995,0.020677085548097995
FRA,France,2002,train,Middle GDP per capita,0.967827182558352,1.4012471,-0.4334199611870704,0.4334199611870704
GRC,Greece,2002,train,Middle GDP per capita,5.79682274294369,4.2762113,1.5206114811944227,1.5206114811944227
HRV,Croatia,2002,train,Lower GDP per capita,5.56842901730823,5.2823997,0.28602936291980186,0.28602936291980186
HUN,Hungary,2002,train,Lower GDP per capita,3.93877761242727,3.8724515,0.0663260686192868,0.0663260686192868
IRL,Ireland,2002,train,Higher GDP per capita,3.01383869396012,3.786487,-0.7726484085484251,0.7726484085484251
ITA,Italy,2002,train,Middle GDP per capita,0.0665538088732092,0.020193446,0.04636036244562551,0.04636036244562551
LTU,Lithuania,2002,train,Lower GDP per capita,10.5518959629574,8.205049,2.3468474018612078,2.3468474018612078
LUX,Luxembourg,2002,train,Higher GDP per capita,2.6192502126754,3.0442479,-0.42499765300147985,0.42499765300147985
LVA,Latvia,2002,train,Lower GDP per capita,8.42913257059108,7.54606,0.8830724852944485,0.8830724852944485
MLT,Malta,2002,train,Middle GDP per capita,3.69331066307235,2.9374177,0.7558929174821398,0.7558929174821398
NLD,Netherlands,2002,train,Higher GDP per capita,0.0978549395212411,-0.79743826,0.8952932034143686,0.8952932034143686
POL,Poland,2002,train,Lower GDP per capita,3.52337117234833,2.5751188,0.9482523922122215,0.9482523922122215
PRT,Portugal,2002,train,Middle GDP per capita,-0.930521045062918,-0.939203,0.008681978847604466,0.008681978847604466
ROU,Romania,2002,train,Lower GDP per capita,2.34114732919521,3.8900683,-1.5489209634225878,1.5489209634225878
SVK,Slovak Republic,2002,train,Lower GDP per capita,4.85669851591319,4.8834476,-0.026749131181536434,0.026749131181536434
SVN,Slovenia,2002,train,Middle GDP per capita,3.19503117236037,2.8015532,0.3934779230012393,0.3934779230012393
SWE,Sweden,2002,train,Higher GDP per capita,1.88102769675844,1.908856,-0.02782833752042957,0.02782833752042957
AUT,Austria,2003,train,Higher GDP per capita,2.56525534067859,1.5504134,1.0148419705461436,1.0148419705461436
BEL,Belgium,2003,train,Higher GDP per capita,3.57120671942319,2.0316079,1.5395988531359586,1.5395988531359586
BGR,Bulgaria,2003,train,Lower GDP per capita,6.5104241389717,5.4309764,1.0794477481330773,1.0794477481330773
CYP,Cyprus,2003,train,Middle GDP per capita,5.02627226665527,2.3373537,2.6889185602954067,2.6889185602954067
CZE,Czechia,2003,train,Middle GDP per capita,4.73633969683438,3.506908,1.229431756923491,1.229431756923491
DEU,Germany,2003,train,Higher GDP per capita,1.16208684507278,0.622623,0.5394638187017777,0.5394638187017777
DNK,Denmark,2003,train,Higher GDP per capita,2.77635180744053,1.4799649,1.2963869551074612,1.2963869551074612
ESP,Spain,2003,train,Middle GDP per capita,3.1145314799161,3.174008,-0.059476412692542446,0.059476412692542446
EST,Estonia,2003,train,Lower GDP per capita,6.80070110758655,6.9748583,-0.1741571764100316,0.1741571764100316
FIN,Finland,2003,train,Higher GDP per capita,4.00537952277651,1.4604125,2.5449670204876913,2.5449670204876913
FRA,France,2003,train,Middle GDP per capita,2.86825052501032,1.1255778,1.7426727175838672,1.7426727175838672
GRC,Greece,2003,train,Middle GDP per capita,5.37786634595851,3.7326043,1.6452620807454972,1.6452620807454972
HRV,Croatia,2003,train,Lower GDP per capita,4.17049297825163,5.203415,-1.0329219387405573,1.0329219387405573
HUN,Hungary,2003,train,Lower GDP per capita,4.96312536156307,3.3292696,1.6338557139648033,1.6338557139648033
IRL,Ireland,2003,train,Higher GDP per capita,6.78813990621356,4.317765,2.4703746703126814,2.4703746703126814
ITA,Italy,2003,train,Middle GDP per capita,1.4740217064723,0.27060118,1.2034205232962594,1.2034205232962594
LTU,Lithuania,2003,train,Lower GDP per capita,6.50203536075556,7.2516212,-0.7495858855823307,0.7495858855823307
LUX,Luxembourg,2003,train,Higher GDP per capita,4.23067892192488,3.4432297,0.787449246631911,0.787449246631911
LVA,Latvia,2003,train,Lower GDP per capita,8.72514341727928,7.04697,1.6781735266847981,1.6781735266847981
MLT,Malta,2003,train,Middle GDP per capita,0.407354423655889,2.5202,-2.112845590458491,2.112845590458491
NLD,Netherlands,2003,train,Higher GDP per capita,2.01628331561487,1.3028407,0.7134426059285905,0.7134426059285905
POL,Poland,2003,train,Lower GDP per capita,5.09079546409544,4.0993114,0.9914841123193172,0.9914841123193172
PRT,Portugal,2003,train,Middle GDP per capita,1.78873552917291,0.12710929,1.6616262400035984,1.6616262400035984
ROU,Romania,2003,train,Lower GDP per capita,10.4281130180976,5.9402065,4.487906490387639,4.487906490387639
SVK,Slovak Republic,2003,train,Lower GDP per capita,5.38949856996771,5.4742694,-0.08477082013849113,0.08477082013849113
SVN,Slovenia,2003,train,Middle GDP per capita,4.54602214352336,2.7939541,1.7520680095359333,1.7520680095359333
SWE,Sweden,2003,train,Higher GDP per capita,4.17958419343711,1.675316,2.5042682172942268,2.5042682172942268
AUT,Austria,2004,train,Higher GDP per capita,2.32036514266782,2.1008952,0.2194699762707253,0.2194699762707253
BEL,Belgium,2004,train,Higher GDP per capita,2.32173792911834,2.4610407,-0.13930280612641077,0.13930280612641077
BGR,Bulgaria,2004,train,Lower GDP per capita,7.05634916258309,6.5400047,0.5163444323584807,0.5163444323584807
CYP,Cyprus,2004,train,Middle GDP per capita,4.85298762175586,4.108013,0.744974468679688,0.744974468679688
CZE,Czechia,2004,train,Middle GDP per capita,6.37502886086791,4.4714093,1.903619540036611,1.903619540036611
DEU,Germany,2004,train,Higher GDP per capita,0.885485292551564,1.3410096,-0.4555243243002426,0.4555243243002426
DNK,Denmark,2004,train,Higher GDP per capita,2.35960882992528,2.2146063,0.14500254483006536,0.14500254483006536
ESP,Spain,2004,train,Middle GDP per capita,3.5512255846125,2.7926705,0.7585550962549559,0.7585550962549559
EST,Estonia,2004,train,Lower GDP per capita,9.52305386462066,7.8477864,1.675267438076471,1.675267438076471
FIN,Finland,2004,train,Higher GDP per capita,2.77730918518017,2.8606791,-0.08336996444751543,0.08336996444751543
FRA,France,2004,train,Middle GDP per capita,1.88856584109286,2.3178809,-0.4293150278188831,0.4293150278188831
GRC,Greece,2004,train,Middle GDP per capita,1.18350635493289,3.465738,-2.2822317031573203,2.2822317031573203
HRV,Croatia,2004,train,Lower GDP per capita,4.32819454299167,4.5786314,-0.25043685807034155,0.25043685807034155
HUN,Hungary,2004,train,Lower GDP per capita,4.30028318461673,3.9704998,0.32978343066470384,0.32978343066470384
IRL,Ireland,2004,train,Higher GDP per capita,5.73978202625278,5.173027,0.5667549876785616,0.5667549876785616
ITA,Italy,2004,train,Middle GDP per capita,0.762410677306491,1.152093,-0.38968237555758367,0.38968237555758367
LTU,Lithuania,2004,train,Lower GDP per capita,7.7314467577492,7.2541027,0.47734405084002063,0.47734405084002063
LUX,Luxembourg,2004,train,Higher GDP per capita,2.48250499371829,3.5309613,-1.048456281382418,1.048456281382418
LVA,Latvia,2004,train,Lower GDP per capita,11.6153178557457,9.591336,2.0239816054405235,2.0239816054405235
MLT,Malta,2004,train,Middle GDP per capita,2.88123652429068,1.6637728,1.2174637028642885,1.2174637028642885
NLD,Netherlands,2004,train,Higher GDP per capita,2.03401576512488,1.7992678,0.23474799626501675,0.23474799626501675
POL,Poland,2004,train,Lower GDP per capita,3.26082274679216,4.3675876,-1.1067648195835722,1.1067648195835722
PRT,Portugal,2004,train,Middle GDP per capita,0.781847569123585,0.80258566,-0.020738092287700405,0.020738092287700405
ROU,Romania,2004,train,Lower GDP per capita,4.6681480508487,4.6974044,-0.029256333764337228,0.029256333764337228
SVK,Slovak Republic,2004,train,Lower GDP per capita,6.48493222274386,5.597587,0.8873451141317998,0.8873451141317998
SVN,Slovenia,2004,train,Middle GDP per capita,3.8541277114569,3.4443944,0.40973336140502026,0.40973336140502026
SWE,Sweden,2004,train,Higher GDP per capita,2.79313782840156,3.3223011,-0.5291633209667261,0.5291633209667261
AUT,Austria,2005,train,Higher GDP per capita,3.26933601506059,1.8824474,1.3868886531144842,1.3868886531144842
BEL,Belgium,2005,train,Higher GDP per capita,2.55234087322462,1.8138608,0.738480099184398,0.738480099184398
BGR,Bulgaria,2005,train,Lower GDP per capita,6.80259262432862,6.447252,0.35534082760620755,0.35534082760620755
CYP,Cyprus,2005,train,Middle GDP per capita,4.71378358593959,4.0880203,0.6257632612325583,0.6257632612325583
CZE,Czechia,2005,train,Middle GDP per capita,6.62317299177447,5.7049775,0.9181954794148508,0.9181954794148508
DEU,Germany,2005,train,Higher GDP per capita,3.86668241523209,1.2126427,2.6540397455543556,2.6540397455543556
DNK,Denmark,2005,train,Higher GDP per capita,3.81648769908172,1.9835166,1.8329711251757752,1.8329711251757752
ESP,Spain,2005,train,Middle GDP per capita,4.04343515605099,2.6816785,1.3617566224969124,1.3617566224969124
EST,Estonia,2005,train,Lower GDP per capita,9.76257131206653,7.8478146,1.9147567521300068,1.9147567521300068
FIN,Finland,2005,train,Higher GDP per capita,4.01957326515895,2.862722,1.1568513451455225,1.1568513451455225
FRA,France,2005,train,Middle GDP per capita,2.71406448755236,1.4635491,1.2505153504368813,1.2505153504368813
GRC,Greece,2005,train,Middle GDP per capita,6.44339762487436,2.6919641,3.7514334753992626,3.7514334753992626
HRV,Croatia,2005,train,Lower GDP per capita,5.06986521577841,4.565452,0.5044131169319748,0.5044131169319748
HUN,Hungary,2005,train,Lower GDP per capita,3.93393162712054,3.8068933,0.12703827842669213,0.12703827842669213
IRL,Ireland,2005,train,Higher GDP per capita,4.98785364537615,4.106587,0.8812667122401638,0.8812667122401638
ITA,Italy,2005,train,Middle GDP per capita,1.79947992234244,1.1334251,0.6660548058034386,0.6660548058034386
LTU,Lithuania,2005,train,Lower GDP per capita,7.39548122468629,7.372489,0.022992249161387868,0.022992249161387868
LUX,Luxembourg,2005,train,Higher GDP per capita,6.01662739677904,3.8481944,2.1684330360460073,2.1684330360460073
LVA,Latvia,2005,train,Lower GDP per capita,12.825017846905,9.757539,3.067479051433809,3.067479051433809
MLT,Malta,2005,train,Middle GDP per capita,2.33618870316785,2.908245,-0.5720563835020718,0.5720563835020718
NLD,Netherlands,2005,train,Higher GDP per capita,3.53729585853395,2.271486,1.2658098146038963,1.2658098146038963
POL,Poland,2005,train,Lower GDP per capita,6.20210710934373,4.5646167,1.6374904291984667,1.6374904291984667
PRT,Portugal,2005,train,Middle GDP per capita,1.62503532956156,0.19234025,1.4326950747779297,1.4326950747779297
ROU,Romania,2005,train,Lower GDP per capita,8.02881107599163,5.7689366,2.2598744419279093,2.2598744419279093
SVK,Slovak Republic,2005,train,Lower GDP per capita,8.92568704770216,6.970731,1.9549562661469846,1.9549562661469846
SVN,Slovenia,2005,train,Middle GDP per capita,5.90878130011174,3.1902032,2.7185781102618867,2.7185781102618867
SWE,Sweden,2005,train,Higher GDP per capita,4.67607488877992,3.0662518,1.6098231340191775,1.6098231340191775
AUT,Austria,2006,train,Higher GDP per capita,3.77522468729185,2.3819263,1.3932983891503703,1.3932983891503703
BEL,Belgium,2006,train,Higher GDP per capita,3.67692462515802,2.212698,1.4642266423699342,1.4642266423699342
BGR,Bulgaria,2006,train,Lower GDP per capita,6.65438512368812,5.893646,0.7607393602909029,0.7607393602909029
CYP,Cyprus,2006,train,Middle GDP per capita,5.09822614854798,4.013331,1.0848952121160949,1.0848952121160949
CZE,Czechia,2006,train,Middle GDP per capita,5.48882595164517,5.154249,0.3345767603609904,0.3345767603609904
DEU,Germany,2006,train,Higher GDP per capita,2.8891174138025,2.3730989,0.5160185635522558,0.5160185635522558
DNK,Denmark,2006,train,Higher GDP per capita,0.987173815945127,1.4355488,-0.4483749664035058,0.4483749664035058
ESP,Spain,2006,train,Middle GDP per capita,3.53350013165972,3.6528296,-0.11932951540448888,0.11932951540448888
EST,Estonia,2006,train,Lower GDP per capita,7.57091879311882,5.927486,1.643432850278244,1.643432850278244
FIN,Finland,2006,train,Higher GDP per capita,5.31280176694145,3.2638707,2.0489310508464795,2.0489310508464795
FRA,France,2006,train,Middle GDP per capita,2.53048188351066,2.202748,0.32773382328421974,0.32773382328421974
GRC,Greece,2006,train,Middle GDP per capita,3.50686976639459,3.9111736,-0.40430381568243634,0.40430381568243634
HRV,Croatia,2006,train,Lower GDP per capita,5.04884076732965,4.3844476,0.6643931927141713,0.6643931927141713
HUN,Hungary,2006,train,Lower GDP per capita,0.332354337878925,1.6618335,-1.3294791868250546,1.3294791868250546
IRL,Ireland,2006,train,Higher GDP per capita,5.31011830898613,3.8265061,1.4836121711382297,1.4836121711382297
ITA,Italy,2006,train,Middle GDP per capita,1.46229205289291,1.4162697,0.04602239289687726,0.04602239289687726
LTU,Lithuania,2006,train,Lower GDP per capita,11.0779282578673,7.756152,3.321776104852164,3.321776104852164
LUX,Luxembourg,2006,train,Higher GDP per capita,8.09852098069817,5.454812,2.6437089308324477,2.6437089308324477
LVA,Latvia,2006,train,Lower GDP per capita,10.4145372792714,7.7169323,2.6976049825184703,2.6976049825184703
MLT,Malta,2006,train,Middle GDP per capita,5.03640177981643,2.5450761,2.491325647995751,2.491325647995751
NLD,Netherlands,2006,train,Higher GDP per capita,3.88542348324803,2.3924074,1.4930160659506666,1.4930160659506666
POL,Poland,2006,train,Lower GDP per capita,6.7604478527626,5.7313113,1.0291365315040553,1.0291365315040553
PRT,Portugal,2006,train,Middle GDP per capita,2.50657937751231,0.8773334,1.6292459748786432,1.6292459748786432
ROU,Romania,2006,train,Lower GDP per capita,7.23380774362805,6.389502,0.8443056951356187,0.8443056951356187
SVK,Slovak Republic,2006,train,Lower GDP per capita,10.8186295074904,7.897058,2.921571497389081,2.921571497389081
SVN,Slovenia,2006,train,Middle GDP per capita,7.1392312914716,4.46326,2.675971117673993,2.675971117673993
SWE,Sweden,2006,train,Higher GDP per capita,3.22486814096095,3.333493,-0.10862485334752181,0.10862485334752181
AUT,Austria,2007,train,Higher GDP per capita,1.45330562142114,2.3232584,-0.869952778542239,0.869952778542239
BEL,Belgium,2007,train,Higher GDP per capita,0.446905130727231,1.8250846,-1.3781794363427764,1.3781794363427764
BGR,Bulgaria,2007,train,Lower GDP per capita,6.12955885899744,6.0281425,0.10141640675744945,0.10141640675744945
CYP,Cyprus,2007,train,Middle GDP per capita,3.64698922103939,3.8212357,-0.1742464356988913,0.1742464356988913
CZE,Czechia,2007,train,Middle GDP per capita,2.61226807205139,2.9206736,-0.3084055367285172,0.3084055367285172
DEU,Germany,2007,train,Higher GDP per capita,0.887902330743628,2.5471592,-1.659256864202661,1.659256864202661
DNK,Denmark,2007,train,Higher GDP per capita,-0.417178439991005,0.44509646,-0.8622749029560166,0.8622749029560166
ESP,Spain,2007,train,Middle GDP per capita,0.767165748290694,2.4274526,-1.660286815948808,1.660286815948808
EST,Estonia,2007,train,Lower GDP per capita,-5.12531154308803,-2.2465246,-2.878786970715593,2.878786970715593
FIN,Finland,2007,train,Higher GDP per capita,0.784431235717051,2.8628423,-2.078411085678823,2.078411085678823
FRA,France,2007,train,Middle GDP per capita,0.380171435849121,1.9300289,-1.5498574795561524,1.5498574795561524
GRC,Greece,2007,train,Middle GDP per capita,0.0574740238200775,1.48823,-1.4307559661854157,1.4307559661854157
HRV,Croatia,2007,train,Lower GDP per capita,1.97176786914632,3.2535365,-1.2817685936374934,1.2817685936374934
HUN,Hungary,2007,train,Lower GDP per capita,0.993437085479655,0.34513748,0.6482996085585735,0.6482996085585735
IRL,Ireland,2007,train,Higher GDP per capita,-4.48407081043062,-0.7821242,-3.7019465891056997,3.7019465891056997
ITA,Italy,2007,train,Middle GDP per capita,-1.02313851177097,1.1642308,-2.1873693352878156,2.1873693352878156
LTU,Lithuania,2007,train,Lower GDP per capita,2.59946154605602,3.1223269,-0.5228653048350931,0.5228653048350931
LUX,Luxembourg,2007,train,Higher GDP per capita,-0.302272983306707,1.1716272,-1.473900147193731,1.473900147193731
LVA,Latvia,2007,train,Lower GDP per capita,-3.38871665849958,-1.8939452,-1.4947714413670115,1.4947714413670115
MLT,Malta,2007,train,Middle GDP per capita,4.41059689827608,3.7719927,0.6386042148654356,0.6386042148654356
NLD,Netherlands,2007,train,Higher GDP per capita,2.11674514240192,1.5887958,0.5279493612663608,0.5279493612663608
POL,Poland,2007,train,Lower GDP per capita,4.38377069274605,5.0131407,-0.6293699856597117,0.6293699856597117
PRT,Portugal,2007,train,Middle GDP per capita,0.319247344434558,1.6754991,-1.3562517371770753,1.3562517371770753
ROU,Romania,2007,train,Lower GDP per capita,9.30746717077338,7.0399904,2.267476745663517,2.267476745663517
SVK,Slovak Republic,2007,train,Lower GDP per capita,5.36337721231949,6.3886333,-1.0252560388706957,1.0252560388706957
SVN,Slovenia,2007,train,Middle GDP per capita,3.37223866114127,4.093785,-0.7215461479712788,0.7215461479712788
SWE,Sweden,2007,train,Higher GDP per capita,-0.923113250067971,1.3071673,-2.2302805417092064,2.2302805417092064
AUT,Austria,2008,train,Higher GDP per capita,-3.58626472551299,-0.8404852,-2.7457795103259173,2.7457795103259173
BEL,Belgium,2008,train,Higher GDP per capita,-1.90644105515335,-1.7178733,-0.18856772026870638,0.18856772026870638
BGR,Bulgaria,2008,train,Lower GDP per capita,-3.34714308501542,-0.16948542,-3.177657665026788,3.177657665026788
CYP,Cyprus,2008,train,Middle GDP per capita,-2.01508203683694,0.36638266,-2.381464695318538,2.381464695318538
CZE,Czechia,2008,train,Middle GDP per capita,-4.79832416684926,-2.2651203,-2.533203898981218,2.533203898981218
DEU,Germany,2008,train,Higher GDP per capita,-5.54455451920674,-1.7784913,-3.7660632605855238,3.7660632605855238
DNK,Denmark,2008,train,Higher GDP per capita,-4.97447905669058,-2.5351815,-2.439297534321195,2.439297534321195
ESP,Spain,2008,train,Middle GDP per capita,-3.76813306940053,-1.9163285,-1.8518045200154591,1.8518045200154591
EST,Estonia,2008,train,Lower GDP per capita,-14.6302225427906,-11.815716,-2.814506752995678,2.814506752995678
FIN,Finland,2008,train,Higher GDP per capita,-8.07603116552393,-4.4171696,-3.6588615946010776,3.6588615946010776
FRA,France,2008,train,Middle GDP per capita,-2.82455153714783,-1.259134,-1.5654174829638698,1.5654174829638698
GRC,Greece,2008,train,Middle GDP per capita,-4.11927606715011,-2.4495187,-1.6697573865775999,1.6697573865775999
HRV,Croatia,2008,train,Lower GDP per capita,-6.81168973851901,-2.6336849,-4.178004864938077,4.178004864938077
HUN,Hungary,2008,train,Lower GDP per capita,-6.7401660845502,-2.5747733,-4.16539277293521,4.16539277293521
IRL,Ireland,2008,train,Higher GDP per capita,-5.09578277913846,-3.67904,-1.4167428239993,1.4167428239993
ITA,Italy,2008,train,Middle GDP per capita,-5.30515401233991,-2.4647565,-2.8403975235398615,2.8403975235398615
LTU,Lithuania,2008,train,Lower GDP per capita,-14.8386117894848,-10.599175,-4.239436336298764,4.239436336298764
LUX,Luxembourg,2008,train,Higher GDP per capita,-3.23895268839308,-1.8851644,-1.3537883083195328,1.3537883083195328
LVA,Latvia,2008,train,Lower GDP per capita,-16.0400195313042,-11.851056,-4.1889634323662115,4.1889634323662115
MLT,Malta,2008,train,Middle GDP per capita,-1.39524956144803,1.2159765,-2.6112260381173416,2.6112260381173416
NLD,Netherlands,2008,train,Higher GDP per capita,-3.66528147002826,-0.933041,-2.732240493503907,2.732240493503907
POL,Poland,2008,train,Lower GDP per capita,2.61512859291683,3.1626058,-0.5474771695648593,0.5474771695648593
PRT,Portugal,2008,train,Middle GDP per capita,-3.12207827545093,-1.1250265,-1.99705181098865,1.99705181098865
ROU,Romania,2008,train,Lower GDP per capita,-5.51670615843011,-1.9604913,-3.5562148588008986,3.5562148588008986
SVK,Slovak Republic,2008,train,Lower GDP per capita,-5.50533790972226,-2.2569783,-3.2483596363305365,3.2483596363305365
SVN,Slovenia,2008,train,Middle GDP per capita,-7.59058614046387,-5.214917,-2.3756689575415066,2.3756689575415066
SWE,Sweden,2008,train,Higher GDP per capita,-4.25561384207619,-2.3769033,-1.8787105465592226,1.8787105465592226
AUT,Austria,2009,train,Higher GDP per capita,1.80898243043663,2.0383608,-0.22937840368507412,0.22937840368507412
BEL,Belgium,2009,train,Higher GDP per capita,2.71031150254662,2.3617678,0.3485437336867565,0.3485437336867565
BGR,Bulgaria,2009,train,Lower GDP per capita,1.55536266288017,1.8394119,-0.2840491918637875,0.2840491918637875
CYP,Cyprus,2009,train,Middle GDP per capita,2.28267100119788,1.421155,0.8615160253067669,0.8615160253067669
CZE,Czechia,2009,train,Middle GDP per capita,2.71466509907701,1.655504,1.0591611108110186,1.0591611108110186
DEU,Germany,2009,train,Higher GDP per capita,4.13463778522758,2.0924246,2.042213154108806,2.042213154108806
DNK,Denmark,2009,train,Higher GDP per capita,1.58289703108802,1.5992237,-0.016326701860283288,0.016326701860283288
ESP,Spain,2009,train,Middle GDP per capita,0.0941223116369514,0.6417692,-0.547646859124157,0.547646859124157
EST,Estonia,2009,train,Lower GDP per capita,2.4497502063999,2.4499278,-0.00017760045434789262,0.00017760045434789262
FIN,Finland,2009,train,Higher GDP per capita,3.1682879121621,2.3240147,0.8442732484658109,0.8442732484658109
FRA,France,2009,train,Middle GDP per capita,2.00032476039051,1.5632781,0.43704668135761215,0.43704668135761215
GRC,Greece,2009,train,Middle GDP per capita,-5.6937412158003,-1.5587735,-4.134967698191657,4.134967698191657
HRV,Croatia,2009,train,Lower GDP per capita,-1.33616285467264,-0.38289186,-0.9532709910881216,0.9532709910881216
HUN,Hungary,2009,train,Lower GDP per capita,1.06795068152046,0.6922979,0.37565280563926495,0.37565280563926495
IRL,Ireland,2009,train,Higher GDP per capita,1.68297175486512,2.296916,-0.6139442531304855,0.6139442531304855
ITA,Italy,2009,train,Middle GDP per capita,1.52910573247101,0.9353584,0.5937473273577898,0.5937473273577898
LTU,Lithuania,2009,train,Lower GDP per capita,0.427199566550769,1.1815515,-0.7543518899006469,0.7543518899006469
LUX,Luxembourg,2009,train,Higher GDP per capita,3.76040578658925,3.6268291,0.133576639250383,0.133576639250383
LVA,Latvia,2009,train,Lower GDP per capita,-3.66125859554762,-1.2449564,-2.416302221379224,2.416302221379224
MLT,Malta,2009,train,Middle GDP per capita,6.19734978656928,4.1550694,2.042280435372991,2.042280435372991
NLD,Netherlands,2009,train,Higher GDP per capita,1.31935287897116,1.3893336,-0.06998072679513645,0.06998072679513645
POL,Poland,2009,train,Lower GDP per capita,3.16892748258036,2.9223788,0.24654870412271856,0.24654870412271856
PRT,Portugal,2009,train,Middle GDP per capita,1.73762453640036,1.3475685,0.39005602443746934,0.39005602443746934
ROU,Romania,2009,train,Lower GDP per capita,-3.90581157302972,-2.5202837,-1.3855278739940755,1.3855278739940755
SVK,Slovak Republic,2009,train,Lower GDP per capita,6.79058159142423,4.9146075,1.8759740665524038,1.8759740665524038
SVN,Slovenia,2009,train,Middle GDP per capita,1.11213719306735,1.2130553,-0.10091805996151959,0.10091805996151959
SWE,Sweden,2009,train,Higher GDP per capita,5.75076477579255,3.1945946,2.556170154134225,2.556170154134225
AUT,Austria,2010,train,Higher GDP per capita,2.92746800169145,1.4764438,1.4510242341438424,1.4510242341438424
BEL,Belgium,2010,train,Higher GDP per capita,1.93115502411325,1.9307902,0.00036483818490529174,0.00036483818490529174
BGR,Bulgaria,2010,train,Lower GDP per capita,2.09017598337418,2.2285495,-0.13837349706405222,0.13837349706405222
CYP,Cyprus,2010,train,Middle GDP per capita,0.416711868408683,1.4008349,-0.9841230496134727,0.9841230496134727
CZE,Czechia,2010,train,Middle GDP per capita,1.77238085338473,2.5801144,-0.8077335112392934,0.8077335112392934
DEU,Germany,2010,train,Higher GDP per capita,3.75796884489337,3.1053271,0.6526417155293562,0.6526417155293562
DNK,Denmark,2010,train,Higher GDP per capita,1.3108037609606,1.0647646,0.24603914208700384,0.24603914208700384
ESP,Spain,2010,train,Middle GDP per capita,-0.639920636520344,0.22106251,-0.8609831477260173,0.8609831477260173
EST,Estonia,2010,train,Lower GDP per capita,7.60697458913162,4.4189825,3.18799208333328,3.18799208333328
FIN,Finland,2010,train,Higher GDP per capita,2.39039455396828,2.3339403,0.05645428640541361,0.05645428640541361
FRA,France,2010,train,Middle GDP per capita,2.43757653729007,0.82225543,1.6153211046843268,1.6153211046843268
GRC,Greece,2010,train,Middle GDP per capita,-9.87677875300243,-6.169393,-3.7073856904108773,3.7073856904108773
HRV,Croatia,2010,train,Lower GDP per capita,-0.111527124990047,0.97984296,-1.09137008582455,1.09137008582455
HUN,Hungary,2010,train,Lower GDP per capita,1.91670916599742,1.5561379,0.3605712465714557,0.3605712465714557
IRL,Ireland,2010,train,Higher GDP per capita,1.60886648916944,2.0563293,-0.4474627611662534,0.4474627611662534
ITA,Italy,2010,train,Middle GDP per capita,0.695463154440176,1.272342,-0.5768788121888523,0.5768788121888523
LTU,Lithuania,2010,train,Lower GDP per capita,6.32363664821298,4.266308,2.057328817402433,2.057328817402433
LUX,Luxembourg,2010,train,Higher GDP per capita,1.0442860057217,2.1780164,-1.133730418457377,1.133730418457377
LVA,Latvia,2010,train,Lower GDP per capita,3.03634482668815,3.0774956,-0.041150748263021786,0.041150748263021786
MLT,Malta,2010,train,Middle GDP per capita,0.992201768011597,3.024657,-2.0324552430205074,2.0324552430205074
NLD,Netherlands,2010,train,Higher GDP per capita,1.77330320575034,1.778122,-0.00481874249184755,0.00481874249184755
POL,Poland,2010,train,Lower GDP per capita,5.25546256612796,3.8054767,1.449985900631134,1.449985900631134
PRT,Portugal,2010,train,Middle GDP per capita,-1.71352745905065,1.2903886,-3.003916043187613,3.003916043187613
ROU,Romania,2010,train,Lower GDP per capita,4.49558909946313,3.1438873,1.3517018180452833,1.3517018180452833
SVK,Slovak Republic,2010,train,Lower GDP per capita,2.56242473215553,4.2708817,-1.7084569206765012,1.7084569206765012
SVN,Slovenia,2010,train,Middle GDP per capita,0.655438128379743,1.2799788,-0.6245406237564874,0.6245406237564874
SWE,Sweden,2010,train,Higher GDP per capita,3.16388567406926,3.5022626,-0.3383769182464138,0.3383769182464138
AUT,Austria,2011,train,Higher GDP per capita,0.628246239479637,1.4099349,-0.7816886388696672,0.7816886388696672
BEL,Belgium,2011,train,Higher GDP per capita,0.215803612089744,0.17003846,0.04576515040456333,0.04576515040456333
BGR,Bulgaria,2011,train,Lower GDP per capita,0.748814556346105,2.1290796,-1.3802650239609018,1.3802650239609018
CYP,Cyprus,2011,train,Middle GDP per capita,-3.44738151374587,-1.6929436,-1.754437940747823,1.754437940747823
CZE,Czechia,2011,train,Middle GDP per capita,-0.770668190622743,0.94489026,-1.7155584513191542,1.7155584513191542
DEU,Germany,2011,train,Higher GDP per capita,0.463512036709204,1.0542532,-0.5907411838489625,0.5907411838489625
DNK,Denmark,2011,train,Higher GDP per capita,-0.0054323016167074,-0.04439578,0.03896347671147291,0.03896347671147291
ESP,Spain,2011,train,Middle GDP per capita,-2.86511368637748,-1.7089816,-1.1561320531911399,1.1561320531911399
EST,Estonia,2011,train,Lower GDP per capita,3.67201872506541,3.8946598,-0.2226410325487258,0.2226410325487258
FIN,Finland,2011,train,Higher GDP per capita,-1.52284013040689,0.31839433,-1.8412344635310507,1.8412344635310507
FRA,France,2011,train,Middle GDP per capita,0.183835264973013,1.5167574,-1.3329221040684298,1.3329221040684298
GRC,Greece,2011,train,Middle GDP per capita,-8.33113421099992,-6.2657933,-2.0653408874830745,2.0653408874830745
HRV,Croatia,2011,train,Lower GDP per capita,-2.23702049605232,-0.6006199,-1.636400583904798,1.636400583904798
HUN,Hungary,2011,train,Lower GDP per capita,-1.33948446518181,0.5599199,-1.8994043589234177,1.8994043589234177
IRL,Ireland,2011,train,Higher GDP per capita,-0.40502941658977,0.20931679,-0.6143462066936823,0.6143462066936823
ITA,Italy,2011,train,Middle GDP per capita,-3.12523877282996,-1.4685422,-1.656696554621647,1.656696554621647
LTU,Lithuania,2011,train,Lower GDP per capita,4.38290584355157,4.391955,-0.009049055282658536,0.009049055282658536
LUX,Luxembourg,2011,train,Higher GDP per capita,1.64971134354685,1.6961783,-0.04646697352315732,0.04646697352315732
LVA,Latvia,2011,train,Lower GDP per capita,7.30524057200897,5.73584,1.5694007282589704,1.5694007282589704
MLT,Malta,2011,train,Middle GDP per capita,4.10167460261891,2.5800707,1.5216038685948625,1.5216038685948625
NLD,Netherlands,2011,train,Higher GDP per capita,-0.977826121310997,0.27107581,-1.2489019362733842,1.2489019362733842
POL,Poland,2011,train,Lower GDP per capita,1.51178167644575,3.6605742,-2.148792521323415,2.148792521323415
PRT,Portugal,2011,train,Middle GDP per capita,-4.05090267621935,-2.0179658,-2.0329368826097305,2.0329368826097305
ROU,Romania,2011,train,Lower GDP per capita,1.90361696799603,2.6589532,-0.7553362218538235,0.7553362218538235
SVK,Slovak Republic,2011,train,Lower GDP per capita,1.56917104702706,2.5399163,-0.9707452299047028,0.9707452299047028
SVN,Slovenia,2011,train,Middle GDP per capita,-2.91553782040462,-0.34209687,-2.5734409552274653,2.5734409552274653
SWE,Sweden,2011,train,Higher GDP per capita,-0.414397702454409,1.065142,-1.479539737938723,1.479539737938723
AUT,Austria,2012,train,Higher GDP per capita,-0.250726423318454,-0.2322102,-0.018516219313212623,0.018516219313212623
BEL,Belgium,2012,train,Higher GDP per capita,0.305494549070232,-0.050046824,0.3555413729890514,0.3555413729890514
BGR,Bulgaria,2012,train,Lower GDP per capita,-0.542753400392826,1.4823991,-2.0251525064185216,2.0251525064185216
CYP,Cyprus,2012,train,Middle GDP per capita,-6.58747751118347,-3.5620368,-3.025440758482664,3.025440758482664
CZE,Czechia,2012,train,Middle GDP per capita,-0.0418124160447491,0.26962584,-0.31143825861600766,0.31143825861600766
DEU,Germany,2012,train,Higher GDP per capita,0.396995583779145,1.0527782,-0.6557826602394097,0.6557826602394097
DNK,Denmark,2012,train,Higher GDP per capita,1.39267343161971,0.16446914,1.2282042938318911,1.2282042938318911
ESP,Spain,2012,train,Middle GDP per capita,-1.42732224757626,-0.7526771,-0.674645164560818,0.674645164560818
EST,Estonia,2012,train,Lower GDP per capita,1.75649379621869,2.1841662,-0.4276723967897329,0.4276723967897329
FIN,Finland,2012,train,Higher GDP per capita,-0.979741024949618,-1.0618217,0.08208067419283804,0.08208067419283804
FRA,France,2012,train,Middle GDP per capita,0.781756446231,0.5623759,0.2193805431014224,0.2193805431014224
GRC,Greece,2012,train,Middle GDP per capita,-2.27211699888024,-1.1697112,-1.102405766694876,1.102405766694876
HRV,Croatia,2012,train,Lower GDP per capita,-0.132561080066893,-0.11351726,-0.019043818025324233,0.019043818025324233
HUN,Hungary,2012,train,Lower GDP per capita,2.03216990678146,1.5145489,0.5176210090382347,0.5176210090382347
IRL,Ireland,2012,train,Higher GDP per capita,2.1929375750029,2.243492,-0.05055431304336455,0.05055431304336455
ITA,Italy,2012,train,Middle GDP per capita,-1.81802510749792,-1.3189807,-0.49904441368078123,0.49904441368078123
LTU,Lithuania,2012,train,Lower GDP per capita,4.04691318575325,3.658058,0.38885525766792295,0.38885525766792295
LUX,Luxembourg,2012,train,Higher GDP per capita,3.17168513780955,2.450692,0.7209931994092815,0.7209931994092815
LVA,Latvia,2012,train,Lower GDP per capita,2.09609028156248,4.178606,-2.0825157517627155,2.0825157517627155
MLT,Malta,2012,train,Middle GDP per capita,6.29233378116625,4.595976,1.696357905311758,1.696357905311758
NLD,Netherlands,2012,train,Higher GDP per capita,-0.0302410184270769,0.53529394,-0.5655349551565081,0.5655349551565081
POL,Poland,2012,train,Lower GDP per capita,0.684240607051805,1.5015181,-0.8172775232506242,0.8172775232506242
PRT,Portugal,2012,train,Middle GDP per capita,-0.984106574148328,-0.9891478,0.005041208177416601,0.005041208177416601
ROU,Romania,2012,train,Lower GDP per capita,0.278771877470234,0.8051683,-0.5263963935945243,0.5263963935945243
SVK,Slovak Republic,2012,train,Lower GDP per capita,0.703323545247201,1.4506654,-0.7473418094814978,0.7473418094814978
SVN,Slovenia,2012,train,Middle GDP per capita,-0.823776417691676,-0.057259955,-0.7665164631795567,0.7665164631795567
SWE,Sweden,2012,train,Higher GDP per capita,1.13766671801426,1.5722637,-0.4345969996371073,0.4345969996371073
AUT,Austria,2013,train,Higher GDP per capita,0.755798850316665,1.0504185,-0.2946196458152319,0.2946196458152319
BEL,Belgium,2013,train,Higher GDP per capita,1.76554038149924,1.3918852,0.3736552200993988,0.3736552200993988
BGR,Bulgaria,2013,train,Lower GDP per capita,0.949449772002041,2.0470035,-1.0975537356120948,1.0975537356120948
CYP,Cyprus,2013,train,Middle GDP per capita,-1.77605867728616,-0.45570537,-1.3203533028068661,1.3203533028068661
CZE,Czechia,2013,train,Middle GDP per capita,2.24521219862635,1.9701798,0.27503240240747795,0.27503240240747795
DEU,Germany,2013,train,Higher GDP per capita,2.18018602168017,1.0657653,1.1144207600300846,1.1144207600300846
DNK,Denmark,2013,train,Higher GDP per capita,1.27799983192831,1.6988369,-0.42083709071725894,0.42083709071725894
ESP,Spain,2013,train,Middle GDP per capita,1.52048593647231,0.44115445,1.0793314862941636,1.0793314862941636
EST,Estonia,2013,train,Lower GDP per capita,3.32278988182702,2.657141,0.6656489115969175,0.6656489115969175
FIN,Finland,2013,train,Higher GDP per capita,-0.4780684247837,0.68048847,-1.1585568920001916,1.1585568920001916
FRA,France,2013,train,Middle GDP per capita,0.997832947295251,1.0254403,-0.027607387978491715,0.027607387978491715
GRC,Greece,2013,train,Middle GDP per capita,0.792225060962835,0.4705637,0.3216613512269646,0.3216613512269646
HRV,Croatia,2013,train,Lower GDP per capita,-0.559537666687092,0.555099,-1.1146366771546212,1.1146366771546212
HUN,Hungary,2013,train,Lower GDP per capita,4.33435364113967,2.9881597,1.3461939846150122,1.3461939846150122
IRL,Ireland,2013,train,Higher GDP per capita,9.38579335130922,7.3165336,2.0692597857879793,2.0692597857879793
ITA,Italy,2013,train,Middle GDP per capita,-0.0013876173045446,0.33153537,-0.33292298646233576,0.33292298646233576
LTU,Lithuania,2013,train,Lower GDP per capita,3.7725437958099,4.0433784,-0.2708345573089965,0.2708345573089965
LUX,Luxembourg,2013,train,Higher GDP per capita,2.62308838097542,2.826369,-0.2032806661894968,0.2032806661894968
LVA,Latvia,2013,train,Lower GDP per capita,2.0949597710559,2.8922994,-0.7973396426251305,0.7973396426251305
MLT,Malta,2013,train,Middle GDP per capita,7.6313628225042,5.8382244,1.7931384114934579,1.7931384114934579
NLD,Netherlands,2013,train,Higher GDP per capita,1.61255885112396,0.82899666,0.7835621927987646,0.7835621927987646
POL,Poland,2013,train,Lower GDP per capita,3.92050862390032,2.637114,1.2833945758961698,1.2833945758961698
PRT,Portugal,2013,train,Middle GDP per capita,0.741391420706506,1.002675,-0.26128363575101354,0.26128363575101354
ROU,Romania,2013,train,Lower GDP per capita,4.11600109267832,2.6122172,1.5037839047968502,1.5037839047968502
SVK,Slovak Republic,2013,train,Lower GDP per capita,2.70795151449488,2.1711688,0.5367827103261789,0.5367827103261789
SVN,Slovenia,2013,train,Middle GDP per capita,2.76283327639742,1.802789,0.9600443035428059,0.9600443035428059
SWE,Sweden,2013,train,Higher GDP per capita,2.29577238758284,2.3928993,-0.09712688724320984,0.09712688724320984
AUT,Austria,2014,train,Higher GDP per capita,1.30352331826198,1.2289156,0.07460774609553722,0.07460774609553722
BEL,Belgium,2014,train,Higher GDP per capita,1.47416433731927,2.1366382,-0.6624738272009936,0.6624738272009936
BGR,Bulgaria,2014,train,Lower GDP per capita,3.39755351999294,2.8579059,0.5396476552773639,0.5396476552773639
CYP,Cyprus,2014,train,Middle GDP per capita,3.41892038889013,2.667054,0.7518664509781425,0.7518664509781425
CZE,Czechia,2014,train,Middle GDP per capita,4.95875848915604,3.1662846,1.792473927998813,1.792473927998813
DEU,Germany,2014,train,Higher GDP per capita,1.66300602334775,2.0556288,-0.39262275320254303,0.39262275320254303
DNK,Denmark,2014,train,Higher GDP per capita,2.10441456445301,2.0891042,0.015310388885382942,0.015310388885382942
ESP,Spain,2014,train,Middle GDP per capita,4.06086672473866,1.9897776,2.0710891597362187,2.0710891597362187
EST,Estonia,2014,train,Lower GDP per capita,1.83815262882932,2.8444023,-1.006249684403102,1.006249684403102
FIN,Finland,2014,train,Higher GDP per capita,0.466503766322674,1.2025205,-0.736016723370014,0.736016723370014
FRA,France,2014,train,Middle GDP per capita,1.06675474783462,1.7683407,-0.7015859589906364,0.7015859589906364
GRC,Greece,2014,train,Middle GDP per capita,-0.228301892172851,0.38216856,-0.6104704533930201,0.6104704533930201
HRV,Croatia,2014,train,Lower GDP per capita,2.32056679330526,2.1978962,0.12267055116353642,0.12267055116353642
HUN,Hungary,2014,train,Lower GDP per capita,3.65981615406955,3.8005204,-0.1407042660049127,0.1407042660049127
IRL,Ireland,2014,train,Higher GDP per capita,24.6239856364006,17.103245,7.52074085490646,7.52074085490646
ITA,Italy,2014,train,Middle GDP per capita,0.885667635240807,0.98286533,-0.09719769831632186,0.09719769831632186
LTU,Lithuania,2014,train,Lower GDP per capita,2.83280643343234,3.5865073,-0.7537008869717128,0.7537008869717128
LUX,Luxembourg,2014,train,Higher GDP per capita,2.26836572735107,2.9960363,-0.7276705637713667,0.7276705637713667
LVA,Latvia,2014,train,Lower GDP per capita,3.78336712084972,2.8916056,0.8917615052338754,0.8917615052338754
MLT,Malta,2014,train,Middle GDP per capita,9.62070302842181,7.49305,2.12765293000262,2.12765293000262
NLD,Netherlands,2014,train,Higher GDP per capita,2.12064007193544,2.004665,0.11597517401673896,0.11597517401673896
POL,Poland,2014,train,Lower GDP per capita,4.43176700264478,3.3275883,1.1041786828663378,1.1041786828663378
PRT,Portugal,2014,train,Middle GDP per capita,1.58979803702681,1.2880647,0.30173331878035015,0.30173331878035015
ROU,Romania,2014,train,Lower GDP per capita,3.1570360543854,3.483313,-0.3262770292632817,0.3262770292632817
SVK,Slovak Republic,2014,train,Lower GDP per capita,5.17687909722133,3.6479642,1.5289148581008467,1.5289148581008467
SVN,Slovenia,2014,train,Middle GDP per capita,2.39330621338168,2.6941495,-0.30084328078946276,0.30084328078946276
SWE,Sweden,2014,train,Higher GDP per capita,4.38824673608589,2.6250956,1.76315113023567,1.76315113023567
AUT,Austria,2015,train,Higher GDP per capita,2.11721964494312,1.56809,0.549129682937505,0.549129682937505
BEL,Belgium,2015,train,Higher GDP per capita,1.19350273007754,1.9967833,-0.8032805264532217,0.8032805264532217
BGR,Bulgaria,2015,train,Lower GDP per capita,3.02662820096305,3.4925568,-0.46592860941597847,0.46592860941597847
CYP,Cyprus,2015,train,Middle GDP per capita,6.57359080924678,4.6223946,1.951196247479202,1.951196247479202
CZE,Czechia,2015,train,Middle GDP per capita,2.58087013921376,3.2338858,-0.6530156258619235,0.6530156258619235
DEU,Germany,2015,train,Higher GDP per capita,2.22222216259371,1.8351932,0.38702900539766505,0.38702900539766505
DNK,Denmark,2015,train,Higher GDP per capita,3.07304549209093,2.4481323,0.6249132155558956,0.6249132155558956
ESP,Spain,2015,train,Middle GDP per capita,2.91515598595787,3.2660923,-0.3509363144571691,0.3509363144571691
EST,Estonia,2015,train,Lower GDP per capita,3.09301920751959,2.6107044,0.4823147855225196,0.4823147855225196
FIN,Finland,2015,train,Higher GDP per capita,2.57193414898754,1.9612997,0.6106344911658845,0.6106344911658845
FRA,France,2015,train,Middle GDP per capita,0.860031075424033,1.6548324,-0.7948012877046291,0.7948012877046291
GRC,Greece,2015,train,Middle GDP per capita,-0.0317947678412054,-0.09521987,0.06342510505069753,0.06342510505069753
HRV,Croatia,2015,train,Lower GDP per capita,3.46613146011039,3.5149503,-0.048818815310752495,0.048818815310752495
HUN,Hungary,2015,train,Lower GDP per capita,2.43864141309342,3.3543484,-0.9157070080033818,0.9157070080033818
IRL,Ireland,2015,train,Higher GDP per capita,1.22271661130947,2.5215836,-1.2988669458194362,1.2988669458194362
ITA,Italy,2015,train,Middle GDP per capita,1.23622108511661,1.1117141,0.12450696043704457,0.12450696043704457
LTU,Lithuania,2015,train,Lower GDP per capita,2.67192215053329,3.4268339,-0.7549117174934432,0.7549117174934432
LUX,Luxembourg,2015,train,Higher GDP per capita,4.97819047122638,4.269715,0.708475638920472,0.708475638920472
LVA,Latvia,2015,train,Lower GDP per capita,2.55168601974034,2.979058,-0.4273720075271159,0.4273720075271159
MLT,Malta,2015,train,Middle GDP per capita,4.07800422216982,5.0196295,-0.9416252562847696,0.9416252562847696
NLD,Netherlands,2015,train,Higher GDP per capita,2.42428065449427,2.380128,0.044152747694953476,0.044152747694953476
POL,Poland,2015,train,Lower GDP per capita,3.03117767594847,3.5079641,-0.4767864582678385,0.4767864582678385
PRT,Portugal,2015,train,Middle GDP per capita,2.00414129666575,1.974796,0.029345239918313393,0.029345239918313393
ROU,Romania,2015,train,Lower GDP per capita,2.85993252302089,3.4858644,-0.6259318778427576,0.6259318778427576
SVK,Slovak Republic,2015,train,Lower GDP per capita,1.94781841524558,3.4275444,-1.479725940146876,1.479725940146876
SVN,Slovenia,2015,train,Middle GDP per capita,3.03441486663654,2.7299201,0.3044947177870525,0.3044947177870525
SWE,Sweden,2015,train,Higher GDP per capita,2.13117914731151,3.0323293,-0.9011501735960827,0.9011501735960827
AUT,Austria,2016,train,Higher GDP per capita,2.27224992038207,1.8995835,0.3726664614816184,0.3726664614816184
BEL,Belgium,2016,train,Higher GDP per capita,1.47446761556785,1.7096208,-0.23515321782906162,0.23515321782906162
BGR,Bulgaria,2016,train,Lower GDP per capita,2.74592737750996,3.367627,-0.621699527931324,0.621699527931324
CYP,Cyprus,2016,train,Middle GDP per capita,5.75083236554525,6.1057205,-0.35488815447428124,0.35488815447428124
CZE,Czechia,2016,train,Middle GDP per capita,5.17356529967881,3.186003,1.9875623299369884,1.9875623299369884
DEU,Germany,2016,train,Higher GDP per capita,2.797906720551,2.1493816,0.6485250829777578,0.6485250829777578
DNK,Denmark,2016,train,Higher GDP per capita,3.05647723922718,2.7813482,0.2751290107725901,0.2751290107725901
ESP,Spain,2016,train,Middle GDP per capita,2.89604207865007,3.3151593,-0.4191172421812288,0.4191172421812288
EST,Estonia,2016,train,Lower GDP per capita,5.63467248963991,3.3193815,2.3152910141913017,2.3152910141913017
FIN,Finland,2016,train,Higher GDP per capita,3.30337003591039,2.7224548,0.5809152496097307,0.5809152496097307
FRA,France,2016,train,Middle GDP per capita,2.08361485997399,1.4263253,0.6572895387764803,0.6572895387764803
GRC,Greece,2016,train,Middle GDP per capita,1.47312472702352,0.9694428,0.5036819422372956,0.5036819422372956
HRV,Croatia,2016,train,Lower GDP per capita,3.2840626939789,3.3955176,-0.111454893682843,0.111454893682843
HUN,Hungary,2016,train,Lower GDP per capita,4.12418389451805,3.3811505,0.7430334104329672,0.7430334104329672
IRL,Ireland,2016,train,Higher GDP per capita,10.1088576065965,8.436195,1.6726622330613434,1.6726622330613434
ITA,Italy,2016,train,Middle GDP per capita,1.60369995294101,1.7429073,-0.13920733274929753,0.13920733274929753
LTU,Lithuania,2016,train,Lower GDP per capita,4.61224310312809,3.0978274,1.5144156685882955,1.5144156685882955
LUX,Luxembourg,2016,train,Higher GDP per capita,1.31711942298405,2.8605075,-1.5433880652666825,1.5433880652666825
LVA,Latvia,2016,train,Lower GDP per capita,3.39894872623931,3.4597785,-0.060829821047677424,0.060829821047677424
MLT,Malta,2016,train,Middle GDP per capita,12.9713425287845,8.214001,4.757341826880204,4.757341826880204
NLD,Netherlands,2016,train,Higher GDP per capita,2.78150834679987,2.5002315,0.2812768423595622,0.2812768423595622
POL,Poland,2016,train,Lower GDP per capita,5.15245773325907,3.7911503,1.361307401761878,1.361307401761878
PRT,Portugal,2016,train,Middle GDP per capita,3.31472008175986,2.1085207,1.206199335528781,1.206199335528781
ROU,Romania,2016,train,Lower GDP per capita,8.19547826641261,5.07116,3.1243184267824837,3.1243184267824837
SVK,Slovak Republic,2016,train,Lower GDP per capita,2.87473327453695,2.7623258,0.11240751083455747,0.11240751083455747
SVN,Slovenia,2016,train,Middle GDP per capita,5.17440215579958,3.2868836,1.8875185631939893,1.8875185631939893
SWE,Sweden,2016,train,Higher GDP per capita,1.88282184966646,2.048778,-0.16595620743192874,0.16595620743192874
AUT,Austria,2017,train,Higher GDP per capita,2.48422114080024,1.9122393,0.5719818276746298,0.5719818276746298
BEL,Belgium,2017,train,Higher GDP per capita,1.87796847383565,1.7312744,0.14669410745686573,0.14669410745686573
BGR,Bulgaria,2017,train,Lower GDP per capita,2.33015054210419,3.1826997,-0.852549138224179,0.852549138224179
CYP,Cyprus,2017,train,Middle GDP per capita,6.27166360056404,5.815623,0.45604079401496733,0.45604079401496733
CZE,Czechia,2017,train,Middle GDP per capita,2.83030588267866,2.9519534,-0.12164752842363491,0.12164752842363491
DEU,Germany,2017,train,Higher GDP per capita,1.13569604599849,1.40256,-0.2668639496527552,0.2668639496527552
DNK,Denmark,2017,train,Higher GDP per capita,1.8600074900921,2.2518468,-0.3918393002216207,0.3918393002216207
ESP,Spain,2017,train,Middle GDP per capita,2.39541124478878,2.8375208,-0.4421095929950334,0.4421095929950334
EST,Estonia,2017,train,Lower GDP per capita,3.69969756161726,3.6087244,0.09097320591962799,0.09097320591962799
FIN,Finland,2017,train,Higher GDP per capita,1.19297759742292,2.0753348,-0.8823571899458544,0.8823571899458544
FRA,France,2017,train,Middle GDP per capita,1.64590872395887,1.7596678,-0.11375903021440892,0.11375903021440892
GRC,Greece,2017,train,Middle GDP per capita,2.06467207892409,1.3864814,0.6781906746195858,0.6781906746195858
HRV,Croatia,2017,train,Lower GDP per capita,2.91107146210912,3.0610807,-0.15000923208948835,0.15000923208948835
HUN,Hungary,2017,train,Lower GDP per capita,5.60613813768876,3.8059626,1.8001755751277244,1.8001755751277244
IRL,Ireland,2017,train,Higher GDP per capita,7.68865937437435,7.1762385,0.5124208375396329,0.5124208375396329
ITA,Italy,2017,train,Middle GDP per capita,0.826646712344115,1.2203798,-0.39373311706262326,0.39373311706262326
LTU,Lithuania,2017,train,Lower GDP per capita,4.91836780106811,3.613095,1.3052727559783879,1.3052727559783879
LUX,Luxembourg,2017,train,Higher GDP per capita,1.61129891211624,2.036133,-0.4248341388023391,0.4248341388023391
LVA,Latvia,2017,train,Lower GDP per capita,4.30971286294503,3.118141,1.1915719270472032,1.1915719270472032
MLT,Malta,2017,train,Middle GDP per capita,7.18921425536917,6.38545,0.8037643690471485,0.8037643690471485
NLD,Netherlands,2017,train,Higher GDP per capita,2.25873158164956,2.2476811,0.011050440749901913,0.011050440749901913
POL,Poland,2017,train,Lower GDP per capita,6.2458584723942,4.561253,1.6846054015629015,1.6846054015629015
PRT,Portugal,2017,train,Middle GDP per capita,2.94628343449202,2.681823,0.2644604192790072,0.2644604192790072
ROU,Romania,2017,train,Lower GDP per capita,5.39452228185675,5.247362,0.14716014501592944,0.14716014501592944
SVK,Slovak Republic,2017,train,Lower GDP per capita,4.06211981896483,2.8616288,1.2004910481365831,1.2004910481365831
SVN,Slovenia,2017,train,Middle GDP per capita,4.37908347331195,3.2408097,1.138273794280578,1.138273794280578
SWE,Sweden,2017,train,Higher GDP per capita,1.7702553546772,1.6174666,0.1527887857303616,0.1527887857303616
AUT,Austria,2018,train,Higher GDP per capita,1.75497619649288,1.6564318,0.09854440232631512,0.09854440232631512
BEL,Belgium,2018,train,Higher GDP per capita,2.4428900448156,1.5371407,0.905749317772448,0.905749317772448
BGR,Bulgaria,2018,train,Lower GDP per capita,3.79331964589196,3.3303177,0.46300191021996273,0.46300191021996273
CYP,Cyprus,2018,train,Middle GDP per capita,5.87559583386607,5.6690474,0.20654847821421463,0.20654847821421463
CZE,Czechia,2018,train,Middle GDP per capita,3.56577658128261,2.3824685,1.1833081192922537,1.1833081192922537
DEU,Germany,2018,train,Higher GDP per capita,0.977734697038784,1.0134369,-0.03570221645151139,0.03570221645151139
DNK,Denmark,2018,train,Higher GDP per capita,1.71140093932736,1.3710626,0.3403383029519327,0.3403383029519327
ESP,Spain,2018,train,Middle GDP per capita,1.96117850841711,2.248331,-0.287152561529179,0.287152561529179
EST,Estonia,2018,train,Lower GDP per capita,3.72664943466884,2.6136968,1.112952621085466,1.112952621085466
FIN,Finland,2018,train,Higher GDP per capita,1.34973845741737,0.9813296,0.3684088375328791,0.3684088375328791
FRA,France,2018,train,Middle GDP per capita,2.02744646419237,1.5469196,0.4805268799180782,0.4805268799180782
GRC,Greece,2018,train,Middle GDP per capita,2.27718065334808,1.6070123,0.6701683814669765,0.6701683814669765
HRV,Croatia,2018,train,Lower GDP per capita,3.10247285336254,2.699892,0.40258080929515705,0.40258080929515705
HUN,Hungary,2018,train,Lower GDP per capita,5.07718495088933,3.795388,1.2817969675671863,1.2817969675671863
IRL,Ireland,2018,train,Higher GDP per capita,4.97288003766816,5.6665344,-0.6936543861599649,0.6936543861599649
ITA,Italy,2018,train,Middle GDP per capita,0.429162533780342,0.48896974,-0.05980720947145851,0.05980720947145851
LTU,Lithuania,2018,train,Lower GDP per capita,4.67735183530451,4.1316824,0.5456694393694512,0.5456694393694512
LUX,Luxembourg,2018,train,Higher GDP per capita,2.74932091920692,2.5243182,0.22500270097571873,0.22500270097571873
LVA,Latvia,2018,train,Lower GDP per capita,0.675372771884227,2.6681452,-1.992772407864308,1.992772407864308
MLT,Malta,2018,train,Middle GDP per capita,4.0850557312243,4.4035063,-0.3184505477673989,0.3184505477673989
NLD,Netherlands,2018,train,Higher GDP per capita,2.3001616053659,1.3331851,0.9669765286523382,0.9669765286523382
POL,Poland,2018,train,Lower GDP per capita,4.58045817256199,4.8356085,-0.2551503097988501,0.2551503097988501
PRT,Portugal,2018,train,Middle GDP per capita,2.74568432648596,2.6375115,0.10817283471044714,0.10817283471044714
ROU,Romania,2018,train,Lower GDP per capita,3.96028958497598,3.764402,0.19588767228677106,0.19588767228677106
SVK,Slovak Republic,2018,train,Lower GDP per capita,2.27589910019393,3.018453,-0.7425537825727937,0.7425537825727937
SVN,Slovenia,2018,train,Middle GDP per capita,3.50525332381912,3.6743922,-0.16913889953903416,0.16913889953903416
SWE,Sweden,2018,train,Higher GDP per capita,2.60823012869524,1.4617107,1.1465194372432137,1.1465194372432137
AUT,Austria,2019,train,Higher GDP per capita,-6.31825509209936,-0.8150464,-5.503208662465266,5.503208662465266
BEL,Belgium,2019,train,Higher GDP per capita,-4.7929839083518,1.0605196,-5.853503484424493,5.853503484424493
BGR,Bulgaria,2019,train,Lower GDP per capita,-3.13323543125917,-0.031829026,-3.10140640566279,3.10140640566279
CYP,Cyprus,2019,train,Middle GDP per capita,-3.22063018637567,0.72771126,-3.948341446694426,3.948341446694426
CZE,Czechia,2019,train,Middle GDP per capita,-5.30487955463876,-1.9944746,-3.310404905209439,3.310404905209439
DEU,Germany,2019,train,Higher GDP per capita,-4.13191443239947,-0.68499076,-3.4469236687352245,3.4469236687352245
DNK,Denmark,2019,train,Higher GDP per capita,-1.78010601831291,0.46422148,-2.244327495821455,2.244327495821455
ESP,Spain,2019,train,Middle GDP per capita,-10.9400706350371,-3.6490126,-7.291058069424308,7.291058069424308
EST,Estonia,2019,train,Lower GDP per capita,-2.88380751483778,-0.43060273,-2.453204785517254,2.453204785517254
FIN,Finland,2019,train,Higher GDP per capita,-2.49103605535707,0.6426927,-3.133728740484328,3.133728740484328
FRA,France,2019,train,Middle GDP per capita,-7.44064589948231,-0.51380426,-6.926841642566264,6.926841642566264
GRC,Greece,2019,train,Middle GDP per capita,-9.19623149726978,-4.8156013,-4.380630148392827,4.380630148392827
HRV,Croatia,2019,train,Lower GDP per capita,-8.31046995309319,-0.97151035,-7.3389596023889965,7.3389596023889965
HUN,Hungary,2019,train,Lower GDP per capita,-4.33872540024058,-1.2613852,-3.0773401978327435,3.0773401978327435
IRL,Ireland,2019,train,Higher GDP per capita,7.15369505735335,6.2781005,0.8755945667832821,0.8755945667832821
ITA,Italy,2019,train,Middle GDP per capita,-8.86822122185345,-2.88251,-5.985711275030329,5.985711275030329
LTU,Lithuania,2019,train,Lower GDP per capita,0.0428158336981426,3.039022,-2.99620613514341,2.99620613514341
LUX,Luxembourg,2019,train,Higher GDP per capita,-0.510051634039826,1.6040144,-2.1140660307073063,2.1140660307073063
LVA,Latvia,2019,train,Lower GDP per capita,-3.46922750780554,-0.8794315,-2.589796021675779,2.589796021675779
MLT,Malta,2019,train,Middle GDP per capita,-3.45728232537419,-1.3828663,-2.0744160619846026,2.0744160619846026
NLD,Netherlands,2019,train,Higher GDP per capita,-3.86799714191608,-0.89450425,-2.9734928928201634,2.9734928928201634
POL,Poland,2019,train,Lower GDP per capita,-2.03556882399977,-0.06950482,-1.9660640041893793,1.9660640041893793
PRT,Portugal,2019,train,Middle GDP per capita,-8.20463159324387,-1.1949733,-7.009658243672641,7.009658243672641
ROU,Romania,2019,train,Lower GDP per capita,-3.59802546034757,-1.0579456,-2.5400798512548577,2.5400798512548577
SVK,Slovak Republic,2019,train,Lower GDP per capita,-2.58551241733207,0.9958589,-3.581371325031655,3.581371325031655
SVN,Slovenia,2019,train,Middle GDP per capita,-4.08500094942896,-0.9815278,-3.103473144100591,3.103473144100591
SWE,Sweden,2019,train,Higher GDP per capita,-1.93379704032216,1.7170022,-3.6507991937187665,3.6507991937187665
AUT,Austria,2020,test,Higher GDP per capita,4.92309171717903,0.7194546,4.20363713067314,4.20363713067314
BEL,Belgium,2020,test,Higher GDP per capita,6.25445686466593,1.5001155,4.7543413508643555,4.7543413508643555
BGR,Bulgaria,2020,test,Lower GDP per capita,7.82817310703665,1.921048,5.907125061878264,5.907125061878264
CYP,Cyprus,2020,test,Middle GDP per capita,11.3975590801512,2.8646574,8.532901678112626,8.532901678112626
CZE,Czechia,2020,test,Middle GDP per capita,4.02901832055149,-2.011477,6.040495314112281,6.040495314112281
DEU,Germany,2020,test,Higher GDP per capita,3.90999994204108,2.1316342,1.7783657066589997,1.7783657066589997
DNK,Denmark,2020,test,Higher GDP per capita,6.50025445756295,2.02202,4.478234356015709,4.478234356015709
ESP,Spain,2020,test,Middle GDP per capita,6.68314420473001,0.6790073,6.004136912936187,6.004136912936187
EST,Estonia,2020,test,Lower GDP per capita,8.25488044580031,2.1942334,6.060647028289324,6.060647028289324
FIN,Finland,2020,test,Higher GDP per capita,2.67634641498897,1.4071852,1.269161218112444,1.269161218112444
FRA,France,2020,test,Middle GDP per capita,6.88233783360239,1.5136079,5.368729973990879,5.368729973990879
GRC,Greece,2020,test,Middle GDP per capita,8.65449786002131,0.4593636,8.195134250468927,8.195134250468927
HRV,Croatia,2020,test,Lower GDP per capita,12.6312741312741,2.412454,10.218820241427299,10.218820241427299
HUN,Hungary,2020,test,Lower GDP per capita,7.22291580811137,-2.3078873,9.530803123861492,9.530803123861492
IRL,Ireland,2020,test,Higher GDP per capita,16.2581881158197,5.979727,10.278461324437863,10.278461324437863
ITA,Italy,2020,test,Middle GDP per capita,8.93106210800055,0.65268457,8.278377538641724,8.278377538641724
LTU,Lithuania,2020,test,Lower GDP per capita,6.39481772930206,3.3247623,3.0700553849417087,3.0700553849417087
LUX,Luxembourg,2020,test,Higher GDP per capita,6.92973270801744,1.85469,5.075042752306075,5.075042752306075
LVA,Latvia,2020,test,Lower GDP per capita,6.94254173062592,1.6297511,5.312790644390874,5.312790644390874
MLT,Malta,2020,test,Middle GDP per capita,13.3509818925498,1.5327705,11.81821137806158,11.81821137806158
NLD,Netherlands,2020,test,Higher GDP per capita,6.27683593745216,1.2684191,5.008416790914379,5.008416790914379
POL,Poland,2020,test,Lower GDP per capita,6.92718266052501,-0.6613037,7.588486359541581,7.588486359541581
PRT,Portugal,2020,test,Middle GDP per capita,5.55875672070374,1.5975972,3.9611594793020677,3.9611594793020677
ROU,Romania,2020,test,Lower GDP per capita,5.58735072538869,0.28094375,5.306406974053546,5.306406974053546
SVK,Slovak Republic,2020,test,Lower GDP per capita,5.6558588065555,1.6873577,3.9685011424472236,3.9685011424472236
SVN,Slovenia,2020,test,Middle GDP per capita,8.41686457725321,1.5888071,6.828057471235143,6.828057471235143
SWE,Sweden,2020,test,Higher GDP per capita,5.2258643028773,2.2442799,2.9815844414271044,2.9815844414271044
AUT,Austria,2021,test,Higher GDP per capita,5.33096379400371,3.3301115,2.0008522904026353,2.0008522904026353
BEL,Belgium,2021,test,Higher GDP per capita,4.02460852835887,3.3705232,0.6540853140186602,0.6540853140186602
BGR,Bulgaria,2021,test,Lower GDP per capita,4.08386398118941,4.668343,-0.5844790859797797,0.5844790859797797
CYP,Cyprus,2021,test,Middle GDP per capita,8.73854684881674,5.1833544,3.555192471070159,3.555192471070159
CZE,Czechia,2021,test,Middle GDP per capita,2.8471706583814,0.756034,2.091136641772208,2.091136641772208
DEU,Germany,2021,test,Higher GDP per capita,1.8092581243061,0.21142304,1.5978350848697596,1.5978350848697596
DNK,Denmark,2021,test,Higher GDP per capita,0.443832614908331,4.1625686,-3.7187359542750187,3.7187359542750187
ESP,Spain,2021,test,Middle GDP per capita,6.37031712129601,3.826451,2.5438660581398818,2.5438660581398818
EST,Estonia,2021,test,Lower GDP per capita,-1.22616966587796,3.557183,-4.783352693145416,4.783352693145416
FIN,Finland,2021,test,Higher GDP per capita,0.763041912763526,1.8938581,-1.1308161623783808,1.1308161623783808
FRA,France,2021,test,Middle GDP per capita,2.71676264185913,3.9273593,-1.2105967007159433,1.2105967007159433
GRC,Greece,2021,test,Middle GDP per capita,5.52198580589408,4.018852,1.5031335720073615,1.5031335720073615
HRV,Croatia,2021,test,Lower GDP per capita,7.29479114889533,4.648695,2.6460961568299,2.6460961568299
HUN,Hungary,2021,test,Lower GDP per capita,4.15238057779229,1.513547,2.6388336341277396,2.6388336341277396
IRL,Ireland,2021,test,Higher GDP per capita,7.51113888415304,2.767747,4.7433919587990365,4.7433919587990365
ITA,Italy,2021,test,Middle GDP per capita,4.82117669913565,4.935513,-0.11433632042611741,0.11433632042611741
LTU,Lithuania,2021,test,Lower GDP per capita,2.46532013155011,3.4748383,-1.0095181252858274,1.0095181252858274
LUX,Luxembourg,2021,test,Higher GDP per capita,-1.09741256293819,4.3958964,-5.493308997722125,5.493308997722125
LVA,Latvia,2021,test,Lower GDP per capita,1.90853419029801,4.2193475,-2.3108132866612188,2.3108132866612188
MLT,Malta,2021,test,Middle GDP per capita,2.59276776884379,2.606331,-0.013563341156820563,0.013563341156820563
NLD,Netherlands,2021,test,Higher GDP per capita,5.00723453395074,3.245041,1.7621936403960525,1.7621936403960525
POL,Poland,2021,test,Lower GDP per capita,5.25545697386036,3.0007432,2.2547138231493005,2.2547138231493005
PRT,Portugal,2021,test,Middle GDP per capita,6.98584137580278,3.5371895,3.4486518921602016,3.4486518921602016
ROU,Romania,2021,test,Lower GDP per capita,4.18771305104109,3.3538883,0.8338247778019543,0.8338247778019543
SVK,Slovak Republic,2021,test,Lower GDP per capita,0.544591632137454,2.7527711,-2.2081795070074435,2.2081795070074435
SVN,Slovenia,2021,test,Middle GDP per capita,2.66850555542486,4.2253995,-1.5568939387462826,1.5568939387462826
SWE,Sweden,2021,test,Higher GDP per capita,1.25543620445816,3.8090332,-2.553596950983124,2.553596950983124
AUT,Austria,2022,test,Higher GDP per capita,-0.786244288594673,1.0544409,-1.8406851445745924,1.8406851445745924
BEL,Belgium,2022,test,Higher GDP per capita,1.56125539542029,0.34222674,1.2190286517221698,1.2190286517221698
BGR,Bulgaria,2022,test,Lower GDP per capita,1.68151075832925,1.9874772,-0.3059664250127301,0.3059664250127301
CYP,Cyprus,2022,test,Middle GDP per capita,3.62045368236082,5.3946633,-1.774209651532002,1.774209651532002
CZE,Czechia,2022,test,Middle GDP per capita,0.0475803308973752,-1.0148904,1.0624707632551633,1.0624707632551633
DEU,Germany,2022,test,Higher GDP per capita,-0.869647578573321,-1.6794645,0.8098168808459295,0.8098168808459295
DNK,Denmark,2022,test,Higher GDP per capita,0.604587766175584,-2.4854274,3.090015145783738,3.090015145783738
ESP,Spain,2022,test,Middle GDP per capita,2.46085796805582,4.6477976,-2.1869396164778716,2.1869396164778716
EST,Estonia,2022,test,Lower GDP per capita,-2.74421914571231,-4.467256,1.7230369234710396,1.7230369234710396
FIN,Finland,2022,test,Higher GDP per capita,-1.28973484453397,-1.7300669,0.4403320509509543,0.4403320509509543
FRA,France,2022,test,Middle GDP per capita,1.43921494437743,-0.37888443,1.8180993790774422,1.8180993790774422
GRC,Greece,2022,test,Middle GDP per capita,2.13591131996631,2.5452106,-0.409299279932982,0.409299279932982
HRV,Croatia,2022,test,Lower GDP per capita,3.76204092717136,1.2058748,2.556166126489292,2.556166126489292
HUN,Hungary,2022,test,Lower GDP per capita,-0.817107370513455,-1.3115113,0.4944039076390109,0.4944039076390109
IRL,Ireland,2022,test,Higher GDP per capita,-2.53637409313261,1.543714,-4.080088139610881,4.080088139610881
ITA,Italy,2022,test,Middle GDP per capita,0.922796543670316,3.186085,-2.2632884420627164,2.2632884420627164
LTU,Lithuania,2022,test,Lower GDP per capita,0.739537398185803,1.2364991,-0.4969616729354128,0.4969616729354128
LUX,Luxembourg,2022,test,Higher GDP per capita,0.0994370594039111,-1.2962052,1.3956422224059253,1.3956422224059253
LVA,Latvia,2022,test,Lower GDP per capita,-0.941606068823631,-2.0615857,1.1199795959255145,1.1199795959255145
MLT,Malta,2022,test,Middle GDP per capita,10.6340558017004,-2.1793838,12.813439556430625,12.813439556430625
NLD,Netherlands,2022,test,Higher GDP per capita,-0.598061017580278,0.55031747,-1.1483784838392808,1.1483784838392808
POL,Poland,2022,test,Lower GDP per capita,0.249610834017872,-0.11197229,0.3615831213151208,0.3615831213151208
PRT,Portugal,2022,test,Middle GDP per capita,3.09998745904281,4.178367,-1.0783796788661255,1.0783796788661255
ROU,Romania,2022,test,Lower GDP per capita,2.25773416555121,1.9756843,0.2820498803873308,0.2820498803873308
SVK,Slovak Republic,2022,test,Lower GDP per capita,2.11263633214959,-2.3935401,4.506176476116265,4.506176476116265
SVN,Slovenia,2022,test,Middle GDP per capita,2.3758326648385,-1.7452132,4.121045815816588,4.121045815816588
SWE,Sweden,2022,test,Higher GDP per capita,-0.204061304891439,-0.41319236,0.20913105670180746,0.20913105670180746
AUT,Austria,2023,test,Higher GDP per capita,-0.659089573171372,-3.2592628,2.600173227045303,2.600173227045303
BEL,Belgium,2023,test,Higher GDP per capita,1.09775383828703,-0.36654627,1.4643001115185363,1.4643001115185363
BGR,Bulgaria,2023,test,Lower GDP per capita,3.38708962009333,0.61296076,2.7741288642682873,2.7741288642682873
CYP,Cyprus,2023,test,Middle GDP per capita,3.94076934447787,1.3811318,2.5596375762512467,2.5596375762512467
CZE,Czechia,2023,test,Middle GDP per capita,1.25131096245923,-2.7798452,4.031156200191163,4.031156200191163
DEU,Germany,2023,test,Higher GDP per capita,-0.495851897260366,-2.5701478,2.0742958555014748,2.0742958555014748
DNK,Denmark,2023,test,Higher GDP per capita,3.47783593140312,-1.5004773,4.978313245398482,4.978313245398482
ESP,Spain,2023,test,Middle GDP per capita,3.45525405630191,1.5860896,1.869164445248443,1.869164445248443
EST,Estonia,2023,test,Lower GDP per capita,-0.0900428648493801,-1.6238914,1.5338484887577977,1.5338484887577977
FIN,Finland,2023,test,Higher GDP per capita,0.374566568538427,-1.9683417,2.3429082767217158,2.3429082767217158
FRA,France,2023,test,Middle GDP per capita,1.19046798275883,-0.18772915,1.378197132815669,1.378197132815669
GRC,Greece,2023,test,Middle GDP per capita,2.0865743380603,1.1708279,0.915746472459714,0.915746472459714
HRV,Croatia,2023,test,Lower GDP per capita,3.82578440126859,-2.21561,6.041394428581823,6.041394428581823
HUN,Hungary,2023,test,Lower GDP per capita,0.709070599066038,-1.9436994,2.652769958959837,2.652769958959837
IRL,Ireland,2023,test,Higher GDP per capita,2.59946721553708,-1.8235868,4.423054037093172,4.423054037093172
ITA,Italy,2023,test,Middle GDP per capita,0.783039135276795,-0.4069441,1.1899832313652046,1.1899832313652046
LTU,Lithuania,2023,test,Lower GDP per capita,3.03019543767596,0.5068289,2.5233665335240434,2.5233665335240434
LUX,Luxembourg,2023,test,Higher GDP per capita,0.358614003982225,-1.3358157,1.694429672088304,1.694429672088304
LVA,Latvia,2023,test,Lower GDP per capita,-0.0370556648288982,-0.90420306,0.8671473924602253,0.8671473924602253
MLT,Malta,2023,test,Middle GDP per capita,6.21275996991034,3.9694693,2.2432906610571903,2.2432906610571903
NLD,Netherlands,2023,test,Higher GDP per capita,1.07383137319854,-1.8017145,2.875545912726433,2.875545912726433
POL,Poland,2023,test,Lower GDP per capita,3.02841630700273,-2.4523277,5.480744035274214,5.480744035274214
PRT,Portugal,2023,test,Middle GDP per capita,2.21459232301109,1.9602188,0.25437353581779165,0.25437353581779165
ROU,Romania,2023,test,Lower GDP per capita,0.916003764382594,0.20446879,0.7115349776661328,0.7115349776661328
SVK,Slovak Republic,2023,test,Lower GDP per capita,1.93867445549446,-1.3481753,3.286849742741164,3.286849742741164
SVN,Slovenia,2023,test,Middle GDP per capita,1.73139722479493,-0.9350698,2.666467024218148,2.666467024218148
SWE,Sweden,2023,test,Higher GDP per capita,1.01779633304398,-1.9948311,3.012627418249058,3.012627418249058
AUT,Austria,2024,test,Higher GDP per capita,0.615747280959056,-0.70129925,1.3170465310849409,1.3170465310849409
BEL,Belgium,2024,test,Higher GDP per capita,0.983117967125935,0.15201947,0.8310984961958355,0.8310984961958355
BGR,Bulgaria,2024,test,Lower GDP per capita,3.0963663917961,2.171367,0.9249994617881656,0.9249994617881656
CYP,Cyprus,2024,test,Middle GDP per capita,3.77325347982725,2.314938,1.4583154114373573,1.4583154114373573
CZE,Czechia,2024,test,Middle GDP per capita,2.58046673293437,-0.21508619,2.795552924826994,2.795552924826994
DEU,Germany,2024,test,Higher GDP per capita,0.239578342117881,-0.16871704,0.40829538372955243,0.40829538372955243
DNK,Denmark,2024,test,Higher GDP per capita,2.92843280014236,2.2041445,0.7242883222981216,0.7242883222981216
ESP,Spain,2024,test,Middle GDP per capita,2.82495400578509,1.5020258,1.3229281631184642,1.3229281631184642
EST,Estonia,2024,test,Lower GDP per capita,0.584308464789387,-1.418005,2.0023134544134105,2.0023134544134105
FIN,Finland,2024,test,Higher GDP per capita,0.173444509584499,1.6033403,-1.4298957585505718,1.4298957585505718
FRA,France,2024,test,Middle GDP per capita,0.840949955479587,1.3637813,-0.5228313774900786,0.5228313774900786
GRC,Greece,2024,test,Middle GDP per capita,2.07306882481713,0.62021387,1.4528549585833042,1.4528549585833042
HRV,Croatia,2024,test,Lower GDP per capita,3.40307537181749,1.4226906,1.9803847418583835,1.9803847418583835
HUN,Hungary,2024,test,Lower GDP per capita,0.509542309726868,-1.294499,1.8040413493768312,1.8040413493768312
IRL,Ireland,2024,test,Higher GDP per capita,12.3375990291434,2.1781542,10.159444799025602,10.159444799025602
ITA,Italy,2024,test,Middle GDP per capita,0.539583636778445,0.8032066,-0.2636229858221104,0.2636229858221104
LTU,Lithuania,2024,test,Lower GDP per capita,2.92007656461696,2.749243,0.17083354360560765,0.17083354360560765
LUX,Luxembourg,2024,test,Higher GDP per capita,0.63787818818335,0.9773345,-0.3394563111757809,0.3394563111757809
LVA,Latvia,2024,test,Lower GDP per capita,2.13786855731288,1.4764199,0.6614486316231827,0.6614486316231827
MLT,Malta,2024,test,Middle GDP per capita,3.96156139018959,3.4538803,0.5076810801309963,0.5076810801309963
NLD,Netherlands,2024,test,Higher GDP per capita,1.78463214703797,-0.7286408,2.5132729417919983,2.5132729417919983
POL,Poland,2024,test,Lower GDP per capita,3.5727250346774,0.02843222,3.5442928144568344,3.5442928144568344
PRT,Portugal,2024,test,Middle GDP per capita,1.86448007464475,2.5446124,-0.6801323330395761,0.6801323330395761
ROU,Romania,2024,test,Lower GDP per capita,0.677829835052762,-0.44204873,1.119878563518796,1.119878563518796
SVK,Slovak Republic,2024,test,Lower GDP per capita,0.807418690144758,0.2440619,0.5633567879793451,0.5633567879793451
SVN,Slovenia,2024,test,Middle GDP per capita,1.05992996255246,0.61840355,0.44152640858975256,0.44152640858975256
SWE,Sweden,2024,test,Higher GDP per capita,1.54316373266217,0.75467616,0.7884875694656064,0.7884875694656064
